dyn,ip,REG_RDI,REG_RSI,REG_RBP,REG_RSP,REG_RBX,REG_RDX,REG_RCX,REG_RAX,REG_SEG_CS,REG_SEG_SS,REG_SEG_DS,REG_SEG_ES,REG_SEG_FS,REG_SEG_GS,REG_RFLAGS,REG_RIP,memread_addr_1,read_size_1,mem_val_1,displacement_1,base_reg_1,index_reg_1,scale_1,memread_addr_2,read_size_2,mem_val_2,displacement_2,base_reg_2,index_reg_2,scale_2,memwrite_addr,read_size,mem_val,displacement,base_reg,index_reg,scale,
0,4196240,2,140724770315320,4196512,140724770315096,0,140724770315344,288,4196240,51,43,0,0,0,0,582,4196240,0,0,0,0,0,0,0,0,0,0,0,0,0,0,140724770315088,8,0,0,6,0,1,
1,4196241,2,140724770315320,4196512,140724770315088,0,140724770315344,288,4196240,51,43,0,0,0,0,582,4196241,0,0,0,0,0,0,0,0,0,0,0,0,0,0,0,0,0,0,0,0,0,
2,4196244,2,140724770315320,140724770315088,140724770315088,0,140724770315344,288,4196240,51,43,0,0,0,0,582,4196244,0,0,0,0,0,0,0,0,0,0,0,0,0,0,0,0,0,0,0,0,0,
3,4196248,2,140724770315320,140724770315088,140724770315008,0,140724770315344,288,4196240,51,43,0,0,0,0,518,4196248,0,0,0,0,0,0,0,0,0,0,0,0,0,0,140724770315084,4,0,4294967292,5,0,1,
4,4196255,2,140724770315320,140724770315088,140724770315008,0,140724770315344,288,4196240,51,43,0,0,0,0,518,4196255,0,0,0,0,0,0,0,0,0,0,0,0,0,0,140724770315080,4,0,4294967288,5,0,1,
5,4196258,2,140724770315320,140724770315088,140724770315008,0,140724770315344,288,4196240,51,43,0,0,0,0,518,4196258,0,0,0,0,0,0,0,0,0,0,0,0,0,0,140724770315072,8,140724770315312,4294967280,5,0,1,
6,4196262,2,140724770315320,140724770315088,140724770315008,0,140724770315344,288,4196240,51,43,0,0,0,0,518,4196262,140724770315072,8,140724770315320,4294967280,5,0,1,0,0,0,0,0,0,0,0,0,0,0,0,0,0,
7,4196266,2,140724770315320,140724770315088,140724770315008,0,140724770315344,288,4196240,51,43,0,0,0,0,518,4196266,140724770315072,8,140724770315320,4294967280,5,0,1,0,0,0,0,0,0,0,0,0,0,0,0,0,0,
8,4196270,2,140724770315320,140724770315088,140724770315008,0,140724770315344,288,140724770315320,51,43,0,0,0,0,518,4196270,140724770315328,8,140724770324037,8,4,0,1,0,0,0,0,0,0,0,0,0,0,0,0,0,0,
9,4196274,2,140724770324037,140724770315088,140724770315008,0,140724770315344,288,140724770315320,51,43,0,0,0,0,518,4196274,140724770315328,8,140724770324037,8,10,0,1,0,0,0,0,0,0,0,0,0,0,0,0,0,0,
10,4196278,2,140724770324037,140724770315088,140724770315008,0,140724770315344,288,140724770324037,51,43,0,0,0,0,518,4196278,0,0,0,0,0,0,0,0,0,0,0,0,0,0,0,0,0,0,0,0,0,
11,4196281,140724770324037,140724770324037,140724770315088,140724770315008,0,140724770315344,288,140724770324037,51,43,0,0,0,0,518,4196281,0,0,0,0,0,0,0,0,0,0,0,0,0,0,140724770315048,8,0,4294967256,5,0,1,
12,4196285,140724770324037,140724770324037,140724770315088,140724770315008,0,140724770315344,288,140724770324037,51,43,0,0,0,0,518,4196285,0,0,0,0,0,0,0,0,0,0,0,0,0,0,0,0,0,0,0,0,0,
13,4196288,140724770324037,140724770324037,140724770315088,140724770315008,0,140724770315344,288,140724770324037,51,43,0,0,0,0,518,4196288,0,0,0,0,0,0,0,0,0,0,0,0,0,0,140724770315000,8,0,0,6,0,1,
14,4196293,140724770324037,140724770324037,140724770315088,140724770315008,0,140724770315344,288,140724770324037,51,43,0,0,0,0,582,4196293,140724770315048,8,140724770324037,4294967256,5,0,1,0,0,0,0,0,0,0,0,0,0,0,0,0,0,
15,4196297,140724770324037,140724770324037,140724770315088,140724770315008,0,140724770315344,288,140724770324037,51,43,0,0,0,0,582,4196297,0,0,0,0,0,0,0,0,0,0,0,0,0,0,0,0,0,0,0,0,0,
16,4196299,140724770324037,140724770324037,140724770315088,140724770315008,0,140724770315344,288,140724770323968,51,43,0,0,0,0,582,4196299,0,0,0,0,0,0,0,0,0,0,0,0,0,0,140724770315000,8,4196293,0,6,0,1,
17,4196304,140724770324038,6,140724770315088,140724770315008,0,0,140724770324037,6,51,43,0,0,0,0,514,4196304,0,0,0,0,0,0,0,0,0,0,0,0,0,0,140724770315060,4,0,4294967268,5,0,1,
18,4196307,140724770324038,6,140724770315088,140724770315008,0,0,140724770324037,6,51,43,0,0,0,0,514,4196307,0,0,0,0,0,0,0,0,0,0,0,0,0,0,140724770315064,4,4195984,4294967272,5,0,1,
19,4196314,140724770324038,6,140724770315088,140724770315008,0,0,140724770324037,6,51,43,0,0,0,0,514,4196314,0,0,0,0,0,0,0,0,0,0,0,0,0,0,140724770315068,4,0,4294967276,5,0,1,
20,4196321,140724770324038,6,140724770315088,140724770315008,0,0,140724770324037,6,51,43,0,0,0,0,514,4196321,140724770315068,4,1,4294967276,5,0,1,0,0,0,0,0,0,0,0,0,0,0,0,0,0,
21,4196324,140724770324038,6,140724770315088,140724770315008,0,0,140724770324037,1,51,43,0,0,0,0,514,4196324,140724770315068,4,1,4294967276,5,0,1,0,0,0,0,0,0,0,0,0,0,0,0,0,0,
22,4196327,140724770324038,6,140724770315088,140724770315008,0,0,1,1,51,43,0,0,0,0,514,4196327,140724770315060,4,6,4294967268,5,0,1,0,0,0,0,0,0,0,0,0,0,0,0,0,0,
23,4196330,140724770324038,6,140724770315088,140724770315008,0,6,1,1,51,43,0,0,0,0,514,4196330,140724770315060,4,6,4294967268,5,0,1,0,0,0,0,0,0,0,0,0,0,0,0,0,0,
24,4196333,140724770324038,6,140724770315088,140724770315008,0,6,1,1,51,43,0,0,0,0,514,4196333,0,0,0,0,0,0,0,0,0,0,0,0,0,0,0,0,0,0,0,0,0,
25,4196335,140724770324038,6,140724770315088,140724770315008,0,6,1,1,51,43,0,0,0,0,659,4196335,0,0,0,0,0,0,0,0,0,0,0,0,0,0,0,0,0,0,0,0,0,
26,4196339,140724770323969,6,140724770315088,140724770315008,0,6,1,1,51,43,0,0,0,0,659,4196339,0,0,0,0,0,0,0,0,0,0,0,0,0,0,0,0,0,0,0,0,0,
27,4196341,140724770323969,6,140724770315088,140724770315008,0,6,1,1,51,43,0,0,0,0,659,4196341,0,0,0,0,0,0,0,0,0,0,0,0,0,0,0,0,0,0,0,0,0,
28,4196345,140724770323969,6,140724770315088,140724770315008,0,6,1,1,51,43,0,0,0,0,659,4196345,0,0,0,0,0,0,0,0,0,0,0,0,0,0,0,0,0,0,0,0,0,
29,4196349,140724770323969,6,140724770315088,140724770315008,0,6,1,1,51,43,0,0,0,0,659,4196349,0,0,0,0,0,0,0,0,0,0,0,0,0,0,0,0,0,0,0,0,0,
30,4196353,140724770323969,1,140724770315088,140724770315008,0,6,1,1,51,43,0,0,0,0,659,4196353,0,0,0,0,0,0,0,0,0,0,0,0,0,0,140724770315047,1,0,4294967255,5,0,1,
31,4196357,140724770323969,1,140724770315088,140724770315008,0,6,1,1,51,43,0,0,0,0,659,4196357,0,0,0,0,0,0,0,0,0,0,0,0,0,0,0,0,0,0,0,0,0,
32,4196359,1,1,140724770315088,140724770315008,0,6,1,1,51,43,0,0,0,0,659,4196359,0,0,0,0,0,0,0,0,0,0,0,0,0,0,140724770315000,8,4196304,0,6,0,1,
33,4196364,1,1,140724770315088,140724770315008,0,6,1,1,51,43,0,0,0,0,582,4196364,140724770315047,1,1,4294967255,5,0,1,0,0,0,0,0,0,0,0,0,0,0,0,0,0,
34,4196368,1,1,140724770315088,140724770315008,0,6,1,1,51,43,0,0,0,0,582,4196368,0,0,0,0,0,0,0,0,0,0,0,0,0,0,0,0,0,0,0,0,0,
35,4196372,1,1,140724770315088,140724770315008,0,6,1,1,51,43,0,0,0,0,514,4196372,0,0,0,0,0,0,0,0,0,0,0,0,0,0,0,0,0,0,0,0,0,
36,4196376,1,1,140724770315088,140724770315008,0,6,1,1,51,43,0,0,0,0,514,4196376,140724770315064,4,1,4294967272,5,0,1,0,0,0,0,0,0,0,0,0,0,0,0,0,0,
37,4196379,1,1,140724770315088,140724770315008,0,6,1,1,51,43,0,0,0,0,514,4196379,140724770315064,4,1,4294967272,5,0,1,0,0,0,0,0,0,0,0,0,0,0,0,0,0,
38,4196382,1,1,140724770315088,140724770315008,0,6,1,1,51,43,0,0,0,0,514,4196382,140724770315068,4,1,4294967276,5,0,1,0,0,0,0,0,0,0,0,0,0,0,0,0,0,
39,4196385,1,1,140724770315088,140724770315008,0,1,1,1,51,43,0,0,0,0,514,4196385,140724770315068,4,1,4294967276,5,0,1,0,0,0,0,0,0,0,0,0,0,0,0,0,0,
40,4196388,1,1,140724770315088,140724770315008,0,1,1,1,51,43,0,0,0,0,514,4196388,0,0,0,0,0,0,0,0,0,0,0,0,0,0,0,0,0,0,0,0,0,
41,4196391,1,1,140724770315088,140724770315008,0,1,1,1,51,43,0,0,0,0,514,4196391,0,0,0,0,0,0,0,0,0,0,0,0,0,0,0,0,0,0,0,0,0,
42,4196394,1,1,140724770315088,140724770315008,0,1,1,1,51,43,0,0,0,0,514,4196394,0,0,0,0,0,0,0,0,0,0,0,0,0,0,0,0,0,0,0,0,0,
43,4196396,1,1,140724770315088,140724770315008,0,1,1,1,51,43,0,0,0,0,514,4196396,0,0,0,0,0,0,0,0,0,0,0,0,0,0,0,0,0,0,0,0,0,
44,4196398,1,1,140724770315088,140724770315008,0,1,1,1,51,43,0,0,0,0,514,4196398,0,0,0,0,0,0,0,0,0,0,0,0,0,0,140724770315040,4,0,4294967248,5,0,1,
45,4196401,1,1,140724770315088,140724770315008,0,1,1,1,51,43,0,0,0,0,514,4196401,0,0,0,0,0,0,0,0,0,0,0,0,0,0,140724770315000,8,4196364,0,6,0,1,
46,4196406,1,1,140724770315088,140724770315008,0,1,1,1,51,43,0,0,0,0,582,4196406,140724770315040,4,1,4294967248,5,0,1,0,0,0,0,0,0,0,0,0,0,0,0,0,0,
47,4196409,1,1,140724770315088,140724770315008,0,1,1,1,51,43,0,0,0,0,582,4196409,0,0,0,0,0,0,0,0,0,0,0,0,0,0,140724770315064,4,1,4294967272,5,0,1,
48,4196412,1,1,140724770315088,140724770315008,0,1,1,1,51,43,0,0,0,0,582,4196412,140724770315068,4,1,4294967276,5,0,1,0,0,0,0,0,0,0,0,0,0,0,0,0,0,
49,4196415,1,1,140724770315088,140724770315008,0,1,1,1,51,43,0,0,0,0,582,4196415,140724770315068,4,1,4294967276,5,0,1,0,0,0,0,0,0,0,0,0,0,0,0,0,0,
50,4196418,1,1,140724770315088,140724770315008,0,1,1,1,51,43,0,0,0,0,582,4196418,0,0,0,0,0,0,0,0,0,0,0,0,0,0,0,0,0,0,0,0,0,
51,4196423,1,1,140724770315088,140724770315008,0,1,1,2,51,43,0,0,0,0,514,4196423,0,0,0,0,0,0,0,0,0,0,0,0,0,0,0,0,0,0,0,0,0,
52,4196429,1,1,140724770315088,140724770315008,0,1,2,2,51,43,0,0,0,0,514,4196429,0,0,0,0,0,0,0,0,0,0,0,0,0,0,0,0,0,0,0,0,0,
53,4196431,2,1,140724770315088,140724770315008,0,1,2,2,51,43,0,0,0,0,514,4196431,0,0,0,0,0,0,0,0,0,0,0,0,0,0,0,0,0,0,0,0,0,
54,4196433,2,2,140724770315088,140724770315008,0,1,2,2,51,43,0,0,0,0,514,4196433,0,0,0,0,0,0,0,0,0,0,0,0,0,0,140724770315036,4,0,4294967244,5,0,1,
55,4196436,2,2,140724770315088,140724770315008,0,1,2,2,51,43,0,0,0,0,514,4196436,0,0,0,0,0,0,0,0,0,0,0,0,0,0,140724770315000,8,4196406,0,6,0,1,
56,4196441,2,2,140724770315088,140724770315008,0,1,2,2,51,43,0,0,0,0,582,4196441,140724770315036,4,2,4294967244,5,0,1,0,0,0,0,0,0,0,0,0,0,0,0,0,0,
57,4196444,2,2,140724770315088,140724770315008,0,1,2,2,51,43,0,0,0,0,582,4196444,0,0,0,0,0,0,0,0,0,0,0,0,0,0,140724770315068,4,1,4294967276,5,0,1,
58,4196447,2,2,140724770315088,140724770315008,0,1,2,2,51,43,0,0,0,0,582,4196447,0,0,0,0,0,0,0,0,0,0,0,0,0,0,0,0,0,0,0,0,0,
59,4196321,2,2,140724770315088,140724770315008,0,1,2,2,51,43,0,0,0,0,582,4196321,140724770315068,4,2,4294967276,5,0,1,0,0,0,0,0,0,0,0,0,0,0,0,0,0,
60,4196324,2,2,140724770315088,140724770315008,0,1,2,2,51,43,0,0,0,0,582,4196324,140724770315068,4,2,4294967276,5,0,1,0,0,0,0,0,0,0,0,0,0,0,0,0,0,
61,4196327,2,2,140724770315088,140724770315008,0,1,2,2,51,43,0,0,0,0,582,4196327,140724770315060,4,6,4294967268,5,0,1,0,0,0,0,0,0,0,0,0,0,0,0,0,0,
62,4196330,2,2,140724770315088,140724770315008,0,6,2,2,51,43,0,0,0,0,582,4196330,140724770315060,4,6,4294967268,5,0,1,0,0,0,0,0,0,0,0,0,0,0,0,0,0,
63,4196333,2,6,140724770315088,140724770315008,0,6,2,2,51,43,0,0,0,0,582,4196333,0,0,0,0,0,0,0,0,0,0,0,0,0,0,0,0,0,0,0,0,0,
64,4196335,2,6,140724770315088,140724770315008,0,6,2,2,51,43,0,0,0,0,663,4196335,0,0,0,0,0,0,0,0,0,0,0,0,0,0,0,0,0,0,0,0,0,
65,4196339,1,6,140724770315088,140724770315008,0,6,2,2,51,43,0,0,0,0,663,4196339,0,0,0,0,0,0,0,0,0,0,0,0,0,0,0,0,0,0,0,0,0,
66,4196341,1,6,140724770315088,140724770315008,0,6,2,2,51,43,0,0,0,0,663,4196341,0,0,0,0,0,0,0,0,0,0,0,0,0,0,0,0,0,0,0,0,0,
67,4196345,1,6,140724770315088,140724770315008,0,6,2,2,51,43,0,0,0,0,663,4196345,0,0,0,0,0,0,0,0,0,0,0,0,0,0,0,0,0,0,0,0,0,
68,4196349,1,6,140724770315088,140724770315008,0,6,2,1,51,43,0,0,0,0,663,4196349,0,0,0,0,0,0,0,0,0,0,0,0,0,0,0,0,0,0,0,0,0,
69,4196353,1,1,140724770315088,140724770315008,0,6,2,1,51,43,0,0,0,0,663,4196353,0,0,0,0,0,0,0,0,0,0,0,0,0,0,140724770315047,1,1,4294967255,5,0,1,
70,4196357,1,1,140724770315088,140724770315008,0,6,2,1,51,43,0,0,0,0,663,4196357,0,0,0,0,0,0,0,0,0,0,0,0,0,0,0,0,0,0,0,0,0,
71,4196359,1,1,140724770315088,140724770315008,0,6,2,1,51,43,0,0,0,0,663,4196359,0,0,0,0,0,0,0,0,0,0,0,0,0,0,140724770315000,8,4196441,0,6,0,1,
72,4196364,1,1,140724770315088,140724770315008,0,6,2,1,51,43,0,0,0,0,582,4196364,140724770315047,1,1,4294967255,5,0,1,0,0,0,0,0,0,0,0,0,0,0,0,0,0,
73,4196368,1,1,140724770315088,140724770315008,0,6,2,1,51,43,0,0,0,0,582,4196368,0,0,0,0,0,0,0,0,0,0,0,0,0,0,0,0,0,0,0,0,0,
74,4196372,1,1,140724770315088,140724770315008,0,6,2,1,51,43,0,0,0,0,514,4196372,0,0,0,0,0,0,0,0,0,0,0,0,0,0,0,0,0,0,0,0,0,
75,4196376,1,1,140724770315088,140724770315008,0,6,2,1,51,43,0,0,0,0,514,4196376,140724770315064,4,1,4294967272,5,0,1,0,0,0,0,0,0,0,0,0,0,0,0,0,0,
76,4196379,1,1,140724770315088,140724770315008,0,6,2,1,51,43,0,0,0,0,514,4196379,140724770315064,4,1,4294967272,5,0,1,0,0,0,0,0,0,0,0,0,0,0,0,0,0,
77,4196382,1,1,140724770315088,140724770315008,0,6,1,1,51,43,0,0,0,0,514,4196382,140724770315068,4,2,4294967276,5,0,1,0,0,0,0,0,0,0,0,0,0,0,0,0,0,
78,4196385,1,1,140724770315088,140724770315008,0,2,1,1,51,43,0,0,0,0,514,4196385,140724770315068,4,2,4294967276,5,0,1,0,0,0,0,0,0,0,0,0,0,0,0,0,0,
79,4196388,1,2,140724770315088,140724770315008,0,2,1,1,51,43,0,0,0,0,514,4196388,0,0,0,0,0,0,0,0,0,0,0,0,0,0,0,0,0,0,0,0,0,
80,4196391,1,2,140724770315088,140724770315008,0,2,1,2,51,43,0,0,0,0,514,4196391,0,0,0,0,0,0,0,0,0,0,0,0,0,0,0,0,0,0,0,0,0,
81,4196394,1,2,140724770315088,140724770315008,0,2,2,2,51,43,0,0,0,0,514,4196394,0,0,0,0,0,0,0,0,0,0,0,0,0,0,0,0,0,0,0,0,0,
82,4196396,2,2,140724770315088,140724770315008,0,2,2,2,51,43,0,0,0,0,514,4196396,0,0,0,0,0,0,0,0,0,0,0,0,0,0,0,0,0,0,0,0,0,
83,4196398,2,2,140724770315088,140724770315008,0,2,2,2,51,43,0,0,0,0,514,4196398,0,0,0,0,0,0,0,0,0,0,0,0,0,0,140724770315040,4,1,4294967248,5,0,1,
84,4196401,2,2,140724770315088,140724770315008,0,2,2,2,51,43,0,0,0,0,514,4196401,0,0,0,0,0,0,0,0,0,0,0,0,0,0,140724770315000,8,4196364,0,6,0,1,
85,4196406,2,2,140724770315088,140724770315008,0,2,2,2,51,43,0,0,0,0,582,4196406,140724770315040,4,2,4294967248,5,0,1,0,0,0,0,0,0,0,0,0,0,0,0,0,0,
86,4196409,2,2,140724770315088,140724770315008,0,2,2,2,51,43,0,0,0,0,582,4196409,0,0,0,0,0,0,0,0,0,0,0,0,0,0,140724770315064,4,1,4294967272,5,0,1,
87,4196412,2,2,140724770315088,140724770315008,0,2,2,2,51,43,0,0,0,0,582,4196412,140724770315068,4,2,4294967276,5,0,1,0,0,0,0,0,0,0,0,0,0,0,0,0,0,
88,4196415,2,2,140724770315088,140724770315008,0,2,2,2,51,43,0,0,0,0,582,4196415,140724770315068,4,2,4294967276,5,0,1,0,0,0,0,0,0,0,0,0,0,0,0,0,0,
89,4196418,2,2,140724770315088,140724770315008,0,2,2,2,51,43,0,0,0,0,582,4196418,0,0,0,0,0,0,0,0,0,0,0,0,0,0,0,0,0,0,0,0,0,
90,4196423,2,2,140724770315088,140724770315008,0,2,2,3,51,43,0,0,0,0,518,4196423,0,0,0,0,0,0,0,0,0,0,0,0,0,0,0,0,0,0,0,0,0,
91,4196429,2,2,140724770315088,140724770315008,0,2,3,3,51,43,0,0,0,0,518,4196429,0,0,0,0,0,0,0,0,0,0,0,0,0,0,0,0,0,0,0,0,0,
92,4196431,3,2,140724770315088,140724770315008,0,2,3,3,51,43,0,0,0,0,518,4196431,0,0,0,0,0,0,0,0,0,0,0,0,0,0,0,0,0,0,0,0,0,
93,4196433,3,3,140724770315088,140724770315008,0,2,3,3,51,43,0,0,0,0,518,4196433,0,0,0,0,0,0,0,0,0,0,0,0,0,0,140724770315036,4,2,4294967244,5,0,1,
94,4196436,3,3,140724770315088,140724770315008,0,2,3,3,51,43,0,0,0,0,518,4196436,0,0,0,0,0,0,0,0,0,0,0,0,0,0,140724770315000,8,4196406,0,6,0,1,
95,4196441,3,3,140724770315088,140724770315008,0,2,3,3,51,43,0,0,0,0,582,4196441,140724770315036,4,3,4294967244,5,0,1,0,0,0,0,0,0,0,0,0,0,0,0,0,0,
96,4196444,3,3,140724770315088,140724770315008,0,2,3,3,51,43,0,0,0,0,582,4196444,0,0,0,0,0,0,0,0,0,0,0,0,0,0,140724770315068,4,2,4294967276,5,0,1,
97,4196447,3,3,140724770315088,140724770315008,0,2,3,3,51,43,0,0,0,0,582,4196447,0,0,0,0,0,0,0,0,0,0,0,0,0,0,0,0,0,0,0,0,0,
98,4196321,3,3,140724770315088,140724770315008,0,2,3,3,51,43,0,0,0,0,582,4196321,140724770315068,4,3,4294967276,5,0,1,0,0,0,0,0,0,0,0,0,0,0,0,0,0,
99,4196324,3,3,140724770315088,140724770315008,0,2,3,3,51,43,0,0,0,0,582,4196324,140724770315068,4,3,4294967276,5,0,1,0,0,0,0,0,0,0,0,0,0,0,0,0,0,
100,4196327,3,3,140724770315088,140724770315008,0,2,3,3,51,43,0,0,0,0,582,4196327,140724770315060,4,6,4294967268,5,0,1,0,0,0,0,0,0,0,0,0,0,0,0,0,0,
101,4196330,3,3,140724770315088,140724770315008,0,6,3,3,51,43,0,0,0,0,582,4196330,140724770315060,4,6,4294967268,5,0,1,0,0,0,0,0,0,0,0,0,0,0,0,0,0,
102,4196333,3,6,140724770315088,140724770315008,0,6,3,3,51,43,0,0,0,0,582,4196333,0,0,0,0,0,0,0,0,0,0,0,0,0,0,0,0,0,0,0,0,0,
103,4196335,3,6,140724770315088,140724770315008,0,6,3,3,51,43,0,0,0,0,659,4196335,0,0,0,0,0,0,0,0,0,0,0,0,0,0,0,0,0,0,0,0,0,
104,4196339,1,6,140724770315088,140724770315008,0,6,3,3,51,43,0,0,0,0,659,4196339,0,0,0,0,0,0,0,0,0,0,0,0,0,0,0,0,0,0,0,0,0,
105,4196341,1,6,140724770315088,140724770315008,0,6,3,3,51,43,0,0,0,0,659,4196341,0,0,0,0,0,0,0,0,0,0,0,0,0,0,0,0,0,0,0,0,0,
106,4196345,1,6,140724770315088,140724770315008,0,6,3,3,51,43,0,0,0,0,659,4196345,0,0,0,0,0,0,0,0,0,0,0,0,0,0,0,0,0,0,0,0,0,
107,4196349,1,6,140724770315088,140724770315008,0,6,3,1,51,43,0,0,0,0,659,4196349,0,0,0,0,0,0,0,0,0,0,0,0,0,0,0,0,0,0,0,0,0,
108,4196353,1,1,140724770315088,140724770315008,0,6,3,1,51,43,0,0,0,0,659,4196353,0,0,0,0,0,0,0,0,0,0,0,0,0,0,140724770315047,1,1,4294967255,5,0,1,
109,4196357,1,1,140724770315088,140724770315008,0,6,3,1,51,43,0,0,0,0,659,4196357,0,0,0,0,0,0,0,0,0,0,0,0,0,0,0,0,0,0,0,0,0,
110,4196359,1,1,140724770315088,140724770315008,0,6,3,1,51,43,0,0,0,0,659,4196359,0,0,0,0,0,0,0,0,0,0,0,0,0,0,140724770315000,8,4196441,0,6,0,1,
111,4196364,1,1,140724770315088,140724770315008,0,6,3,1,51,43,0,0,0,0,582,4196364,140724770315047,1,1,4294967255,5,0,1,0,0,0,0,0,0,0,0,0,0,0,0,0,0,
112,4196368,1,1,140724770315088,140724770315008,0,6,3,1,51,43,0,0,0,0,582,4196368,0,0,0,0,0,0,0,0,0,0,0,0,0,0,0,0,0,0,0,0,0,
113,4196372,1,1,140724770315088,140724770315008,0,6,3,1,51,43,0,0,0,0,514,4196372,0,0,0,0,0,0,0,0,0,0,0,0,0,0,0,0,0,0,0,0,0,
114,4196376,1,1,140724770315088,140724770315008,0,6,3,1,51,43,0,0,0,0,514,4196376,140724770315064,4,2,4294967272,5,0,1,0,0,0,0,0,0,0,0,0,0,0,0,0,0,
115,4196379,1,1,140724770315088,140724770315008,0,6,3,2,51,43,0,0,0,0,514,4196379,140724770315064,4,2,4294967272,5,0,1,0,0,0,0,0,0,0,0,0,0,0,0,0,0,
116,4196382,1,1,140724770315088,140724770315008,0,6,2,2,51,43,0,0,0,0,514,4196382,140724770315068,4,3,4294967276,5,0,1,0,0,0,0,0,0,0,0,0,0,0,0,0,0,
117,4196385,1,1,140724770315088,140724770315008,0,3,2,2,51,43,0,0,0,0,514,4196385,140724770315068,4,3,4294967276,5,0,1,0,0,0,0,0,0,0,0,0,0,0,0,0,0,
118,4196388,1,3,140724770315088,140724770315008,0,3,2,2,51,43,0,0,0,0,514,4196388,0,0,0,0,0,0,0,0,0,0,0,0,0,0,0,0,0,0,0,0,0,
119,4196391,1,3,140724770315088,140724770315008,0,3,2,6,51,43,0,0,0,0,518,4196391,0,0,0,0,0,0,0,0,0,0,0,0,0,0,0,0,0,0,0,0,0,
120,4196394,1,3,140724770315088,140724770315008,0,3,6,6,51,43,0,0,0,0,518,4196394,0,0,0,0,0,0,0,0,0,0,0,0,0,0,0,0,0,0,0,0,0,
121,4196396,6,3,140724770315088,140724770315008,0,3,6,6,51,43,0,0,0,0,518,4196396,0,0,0,0,0,0,0,0,0,0,0,0,0,0,0,0,0,0,0,0,0,
122,4196398,6,6,140724770315088,140724770315008,0,3,6,6,51,43,0,0,0,0,518,4196398,0,0,0,0,0,0,0,0,0,0,0,0,0,0,140724770315040,4,2,4294967248,5,0,1,
123,4196401,6,6,140724770315088,140724770315008,0,3,6,6,51,43,0,0,0,0,518,4196401,0,0,0,0,0,0,0,0,0,0,0,0,0,0,140724770315000,8,4196364,0,6,0,1,
124,4196406,6,6,140724770315088,140724770315008,0,3,6,6,51,43,0,0,0,0,582,4196406,140724770315040,4,6,4294967248,5,0,1,0,0,0,0,0,0,0,0,0,0,0,0,0,0,
125,4196409,6,6,140724770315088,140724770315008,0,3,6,6,51,43,0,0,0,0,582,4196409,0,0,0,0,0,0,0,0,0,0,0,0,0,0,140724770315064,4,2,4294967272,5,0,1,
126,4196412,6,6,140724770315088,140724770315008,0,3,6,6,51,43,0,0,0,0,582,4196412,140724770315068,4,3,4294967276,5,0,1,0,0,0,0,0,0,0,0,0,0,0,0,0,0,
127,4196415,6,6,140724770315088,140724770315008,0,3,6,3,51,43,0,0,0,0,582,4196415,140724770315068,4,3,4294967276,5,0,1,0,0,0,0,0,0,0,0,0,0,0,0,0,0,
128,4196418,6,6,140724770315088,140724770315008,0,3,3,3,51,43,0,0,0,0,582,4196418,0,0,0,0,0,0,0,0,0,0,0,0,0,0,0,0,0,0,0,0,0,
129,4196423,6,6,140724770315088,140724770315008,0,3,3,4,51,43,0,0,0,0,514,4196423,0,0,0,0,0,0,0,0,0,0,0,0,0,0,0,0,0,0,0,0,0,
130,4196429,6,6,140724770315088,140724770315008,0,3,4,4,51,43,0,0,0,0,514,4196429,0,0,0,0,0,0,0,0,0,0,0,0,0,0,0,0,0,0,0,0,0,
131,4196431,4,6,140724770315088,140724770315008,0,3,4,4,51,43,0,0,0,0,514,4196431,0,0,0,0,0,0,0,0,0,0,0,0,0,0,0,0,0,0,0,0,0,
132,4196433,4,4,140724770315088,140724770315008,0,3,4,4,51,43,0,0,0,0,514,4196433,0,0,0,0,0,0,0,0,0,0,0,0,0,0,140724770315036,4,3,4294967244,5,0,1,
133,4196436,4,4,140724770315088,140724770315008,0,3,4,4,51,43,0,0,0,0,514,4196436,0,0,0,0,0,0,0,0,0,0,0,0,0,0,140724770315000,8,4196406,0,6,0,1,
134,4196441,4,4,140724770315088,140724770315008,0,3,4,4,51,43,0,0,0,0,582,4196441,140724770315036,4,4,4294967244,5,0,1,0,0,0,0,0,0,0,0,0,0,0,0,0,0,
135,4196444,4,4,140724770315088,140724770315008,0,3,4,4,51,43,0,0,0,0,582,4196444,0,0,0,0,0,0,0,0,0,0,0,0,0,0,140724770315068,4,3,4294967276,5,0,1,
136,4196447,4,4,140724770315088,140724770315008,0,3,4,4,51,43,0,0,0,0,582,4196447,0,0,0,0,0,0,0,0,0,0,0,0,0,0,0,0,0,0,0,0,0,
137,4196321,4,4,140724770315088,140724770315008,0,3,4,4,51,43,0,0,0,0,582,4196321,140724770315068,4,4,4294967276,5,0,1,0,0,0,0,0,0,0,0,0,0,0,0,0,0,
138,4196324,4,4,140724770315088,140724770315008,0,3,4,4,51,43,0,0,0,0,582,4196324,140724770315068,4,4,4294967276,5,0,1,0,0,0,0,0,0,0,0,0,0,0,0,0,0,
139,4196327,4,4,140724770315088,140724770315008,0,3,4,4,51,43,0,0,0,0,582,4196327,140724770315060,4,6,4294967268,5,0,1,0,0,0,0,0,0,0,0,0,0,0,0,0,0,
140,4196330,4,4,140724770315088,140724770315008,0,6,4,4,51,43,0,0,0,0,582,4196330,140724770315060,4,6,4294967268,5,0,1,0,0,0,0,0,0,0,0,0,0,0,0,0,0,
141,4196333,4,6,140724770315088,140724770315008,0,6,4,4,51,43,0,0,0,0,582,4196333,0,0,0,0,0,0,0,0,0,0,0,0,0,0,0,0,0,0,0,0,0,
142,4196335,4,6,140724770315088,140724770315008,0,6,4,4,51,43,0,0,0,0,659,4196335,0,0,0,0,0,0,0,0,0,0,0,0,0,0,0,0,0,0,0,0,0,
143,4196339,1,6,140724770315088,140724770315008,0,6,4,4,51,43,0,0,0,0,659,4196339,0,0,0,0,0,0,0,0,0,0,0,0,0,0,0,0,0,0,0,0,0,
144,4196341,1,6,140724770315088,140724770315008,0,6,4,4,51,43,0,0,0,0,659,4196341,0,0,0,0,0,0,0,0,0,0,0,0,0,0,0,0,0,0,0,0,0,
145,4196345,1,6,140724770315088,140724770315008,0,6,4,4,51,43,0,0,0,0,659,4196345,0,0,0,0,0,0,0,0,0,0,0,0,0,0,0,0,0,0,0,0,0,
146,4196349,1,6,140724770315088,140724770315008,0,6,4,1,51,43,0,0,0,0,659,4196349,0,0,0,0,0,0,0,0,0,0,0,0,0,0,0,0,0,0,0,0,0,
147,4196353,1,1,140724770315088,140724770315008,0,6,4,1,51,43,0,0,0,0,659,4196353,0,0,0,0,0,0,0,0,0,0,0,0,0,0,140724770315047,1,1,4294967255,5,0,1,
148,4196357,1,1,140724770315088,140724770315008,0,6,4,1,51,43,0,0,0,0,659,4196357,0,0,0,0,0,0,0,0,0,0,0,0,0,0,0,0,0,0,0,0,0,
149,4196359,1,1,140724770315088,140724770315008,0,6,4,1,51,43,0,0,0,0,659,4196359,0,0,0,0,0,0,0,0,0,0,0,0,0,0,140724770315000,8,4196441,0,6,0,1,
150,4196364,1,1,140724770315088,140724770315008,0,6,4,1,51,43,0,0,0,0,582,4196364,140724770315047,1,1,4294967255,5,0,1,0,0,0,0,0,0,0,0,0,0,0,0,0,0,
151,4196368,1,1,140724770315088,140724770315008,0,6,4,1,51,43,0,0,0,0,582,4196368,0,0,0,0,0,0,0,0,0,0,0,0,0,0,0,0,0,0,0,0,0,
152,4196372,1,1,140724770315088,140724770315008,0,6,4,1,51,43,0,0,0,0,514,4196372,0,0,0,0,0,0,0,0,0,0,0,0,0,0,0,0,0,0,0,0,0,
153,4196376,1,1,140724770315088,140724770315008,0,6,4,1,51,43,0,0,0,0,514,4196376,140724770315064,4,6,4294967272,5,0,1,0,0,0,0,0,0,0,0,0,0,0,0,0,0,
154,4196379,1,1,140724770315088,140724770315008,0,6,4,6,51,43,0,0,0,0,514,4196379,140724770315064,4,6,4294967272,5,0,1,0,0,0,0,0,0,0,0,0,0,0,0,0,0,
155,4196382,1,1,140724770315088,140724770315008,0,6,6,6,51,43,0,0,0,0,514,4196382,140724770315068,4,4,4294967276,5,0,1,0,0,0,0,0,0,0,0,0,0,0,0,0,0,
156,4196385,1,1,140724770315088,140724770315008,0,4,6,6,51,43,0,0,0,0,514,4196385,140724770315068,4,4,4294967276,5,0,1,0,0,0,0,0,0,0,0,0,0,0,0,0,0,
157,4196388,1,4,140724770315088,140724770315008,0,4,6,6,51,43,0,0,0,0,514,4196388,0,0,0,0,0,0,0,0,0,0,0,0,0,0,0,0,0,0,0,0,0,
158,4196391,1,4,140724770315088,140724770315008,0,4,6,24,51,43,0,0,0,0,518,4196391,0,0,0,0,0,0,0,0,0,0,0,0,0,0,0,0,0,0,0,0,0,
159,4196394,1,4,140724770315088,140724770315008,0,4,24,24,51,43,0,0,0,0,518,4196394,0,0,0,0,0,0,0,0,0,0,0,0,0,0,0,0,0,0,0,0,0,
160,4196396,24,4,140724770315088,140724770315008,0,4,24,24,51,43,0,0,0,0,518,4196396,0,0,0,0,0,0,0,0,0,0,0,0,0,0,0,0,0,0,0,0,0,
161,4196398,24,24,140724770315088,140724770315008,0,4,24,24,51,43,0,0,0,0,518,4196398,0,0,0,0,0,0,0,0,0,0,0,0,0,0,140724770315040,4,6,4294967248,5,0,1,
162,4196401,24,24,140724770315088,140724770315008,0,4,24,24,51,43,0,0,0,0,518,4196401,0,0,0,0,0,0,0,0,0,0,0,0,0,0,140724770315000,8,4196364,0,6,0,1,
163,4196406,24,24,140724770315088,140724770315008,0,4,24,24,51,43,0,0,0,0,582,4196406,140724770315040,4,24,4294967248,5,0,1,0,0,0,0,0,0,0,0,0,0,0,0,0,0,
164,4196409,24,24,140724770315088,140724770315008,0,4,24,24,51,43,0,0,0,0,582,4196409,0,0,0,0,0,0,0,0,0,0,0,0,0,0,140724770315064,4,6,4294967272,5,0,1,
165,4196412,24,24,140724770315088,140724770315008,0,4,24,24,51,43,0,0,0,0,582,4196412,140724770315068,4,4,4294967276,5,0,1,0,0,0,0,0,0,0,0,0,0,0,0,0,0,
166,4196415,24,24,140724770315088,140724770315008,0,4,24,4,51,43,0,0,0,0,582,4196415,140724770315068,4,4,4294967276,5,0,1,0,0,0,0,0,0,0,0,0,0,0,0,0,0,
167,4196418,24,24,140724770315088,140724770315008,0,4,4,4,51,43,0,0,0,0,582,4196418,0,0,0,0,0,0,0,0,0,0,0,0,0,0,0,0,0,0,0,0,0,
168,4196423,24,24,140724770315088,140724770315008,0,4,4,5,51,43,0,0,0,0,518,4196423,0,0,0,0,0,0,0,0,0,0,0,0,0,0,0,0,0,0,0,0,0,
169,4196429,24,24,140724770315088,140724770315008,0,4,5,5,51,43,0,0,0,0,518,4196429,0,0,0,0,0,0,0,0,0,0,0,0,0,0,0,0,0,0,0,0,0,
170,4196431,5,24,140724770315088,140724770315008,0,4,5,5,51,43,0,0,0,0,518,4196431,0,0,0,0,0,0,0,0,0,0,0,0,0,0,0,0,0,0,0,0,0,
171,4196433,5,5,140724770315088,140724770315008,0,4,5,5,51,43,0,0,0,0,518,4196433,0,0,0,0,0,0,0,0,0,0,0,0,0,0,140724770315036,4,4,4294967244,5,0,1,
172,4196436,5,5,140724770315088,140724770315008,0,4,5,5,51,43,0,0,0,0,518,4196436,0,0,0,0,0,0,0,0,0,0,0,0,0,0,140724770315000,8,4196406,0,6,0,1,
173,4196441,5,5,140724770315088,140724770315008,0,4,5,5,51,43,0,0,0,0,582,4196441,140724770315036,4,5,4294967244,5,0,1,0,0,0,0,0,0,0,0,0,0,0,0,0,0,
174,4196444,5,5,140724770315088,140724770315008,0,4,5,5,51,43,0,0,0,0,582,4196444,0,0,0,0,0,0,0,0,0,0,0,0,0,0,140724770315068,4,4,4294967276,5,0,1,
175,4196447,5,5,140724770315088,140724770315008,0,4,5,5,51,43,0,0,0,0,582,4196447,0,0,0,0,0,0,0,0,0,0,0,0,0,0,0,0,0,0,0,0,0,
176,4196321,5,5,140724770315088,140724770315008,0,4,5,5,51,43,0,0,0,0,582,4196321,140724770315068,4,5,4294967276,5,0,1,0,0,0,0,0,0,0,0,0,0,0,0,0,0,
177,4196324,5,5,140724770315088,140724770315008,0,4,5,5,51,43,0,0,0,0,582,4196324,140724770315068,4,5,4294967276,5,0,1,0,0,0,0,0,0,0,0,0,0,0,0,0,0,
178,4196327,5,5,140724770315088,140724770315008,0,4,5,5,51,43,0,0,0,0,582,4196327,140724770315060,4,6,4294967268,5,0,1,0,0,0,0,0,0,0,0,0,0,0,0,0,0,
179,4196330,5,5,140724770315088,140724770315008,0,6,5,5,51,43,0,0,0,0,582,4196330,140724770315060,4,6,4294967268,5,0,1,0,0,0,0,0,0,0,0,0,0,0,0,0,0,
180,4196333,5,6,140724770315088,140724770315008,0,6,5,5,51,43,0,0,0,0,582,4196333,0,0,0,0,0,0,0,0,0,0,0,0,0,0,0,0,0,0,0,0,0,
181,4196335,5,6,140724770315088,140724770315008,0,6,5,5,51,43,0,0,0,0,663,4196335,0,0,0,0,0,0,0,0,0,0,0,0,0,0,0,0,0,0,0,0,0,
182,4196339,1,6,140724770315088,140724770315008,0,6,5,5,51,43,0,0,0,0,663,4196339,0,0,0,0,0,0,0,0,0,0,0,0,0,0,0,0,0,0,0,0,0,
183,4196341,1,6,140724770315088,140724770315008,0,6,5,5,51,43,0,0,0,0,663,4196341,0,0,0,0,0,0,0,0,0,0,0,0,0,0,0,0,0,0,0,0,0,
184,4196345,1,6,140724770315088,140724770315008,0,6,5,5,51,43,0,0,0,0,663,4196345,0,0,0,0,0,0,0,0,0,0,0,0,0,0,0,0,0,0,0,0,0,
185,4196349,1,6,140724770315088,140724770315008,0,6,5,1,51,43,0,0,0,0,663,4196349,0,0,0,0,0,0,0,0,0,0,0,0,0,0,0,0,0,0,0,0,0,
186,4196353,1,1,140724770315088,140724770315008,0,6,5,1,51,43,0,0,0,0,663,4196353,0,0,0,0,0,0,0,0,0,0,0,0,0,0,140724770315047,1,1,4294967255,5,0,1,
187,4196357,1,1,140724770315088,140724770315008,0,6,5,1,51,43,0,0,0,0,663,4196357,0,0,0,0,0,0,0,0,0,0,0,0,0,0,0,0,0,0,0,0,0,
188,4196359,1,1,140724770315088,140724770315008,0,6,5,1,51,43,0,0,0,0,663,4196359,0,0,0,0,0,0,0,0,0,0,0,0,0,0,140724770315000,8,4196441,0,6,0,1,
189,4196364,1,1,140724770315088,140724770315008,0,6,5,1,51,43,0,0,0,0,582,4196364,140724770315047,1,1,4294967255,5,0,1,0,0,0,0,0,0,0,0,0,0,0,0,0,0,
190,4196368,1,1,140724770315088,140724770315008,0,6,5,1,51,43,0,0,0,0,582,4196368,0,0,0,0,0,0,0,0,0,0,0,0,0,0,0,0,0,0,0,0,0,
191,4196372,1,1,140724770315088,140724770315008,0,6,5,1,51,43,0,0,0,0,514,4196372,0,0,0,0,0,0,0,0,0,0,0,0,0,0,0,0,0,0,0,0,0,
192,4196376,1,1,140724770315088,140724770315008,0,6,5,1,51,43,0,0,0,0,514,4196376,140724770315064,4,24,4294967272,5,0,1,0,0,0,0,0,0,0,0,0,0,0,0,0,0,
193,4196379,1,1,140724770315088,140724770315008,0,6,5,24,51,43,0,0,0,0,514,4196379,140724770315064,4,24,4294967272,5,0,1,0,0,0,0,0,0,0,0,0,0,0,0,0,0,
194,4196382,1,1,140724770315088,140724770315008,0,6,24,24,51,43,0,0,0,0,514,4196382,140724770315068,4,5,4294967276,5,0,1,0,0,0,0,0,0,0,0,0,0,0,0,0,0,
195,4196385,1,1,140724770315088,140724770315008,0,5,24,24,51,43,0,0,0,0,514,4196385,140724770315068,4,5,4294967276,5,0,1,0,0,0,0,0,0,0,0,0,0,0,0,0,0,
196,4196388,1,5,140724770315088,140724770315008,0,5,24,24,51,43,0,0,0,0,514,4196388,0,0,0,0,0,0,0,0,0,0,0,0,0,0,0,0,0,0,0,0,0,
197,4196391,1,5,140724770315088,140724770315008,0,5,24,120,51,43,0,0,0,0,518,4196391,0,0,0,0,0,0,0,0,0,0,0,0,0,0,0,0,0,0,0,0,0,
198,4196394,1,5,140724770315088,140724770315008,0,5,120,120,51,43,0,0,0,0,518,4196394,0,0,0,0,0,0,0,0,0,0,0,0,0,0,0,0,0,0,0,0,0,
199,4196396,120,5,140724770315088,140724770315008,0,5,120,120,51,43,0,0,0,0,518,4196396,0,0,0,0,0,0,0,0,0,0,0,0,0,0,0,0,0,0,0,0,0,
200,4196398,120,120,140724770315088,140724770315008,0,5,120,120,51,43,0,0,0,0,518,4196398,0,0,0,0,0,0,0,0,0,0,0,0,0,0,140724770315040,4,24,4294967248,5,0,1,
201,4196401,120,120,140724770315088,140724770315008,0,5,120,120,51,43,0,0,0,0,518,4196401,0,0,0,0,0,0,0,0,0,0,0,0,0,0,140724770315000,8,4196364,0,6,0,1,
202,4196406,120,120,140724770315088,140724770315008,0,5,120,120,51,43,0,0,0,0,582,4196406,140724770315040,4,120,4294967248,5,0,1,0,0,0,0,0,0,0,0,0,0,0,0,0,0,
203,4196409,120,120,140724770315088,140724770315008,0,5,120,120,51,43,0,0,0,0,582,4196409,0,0,0,0,0,0,0,0,0,0,0,0,0,0,140724770315064,4,24,4294967272,5,0,1,
204,4196412,120,120,140724770315088,140724770315008,0,5,120,120,51,43,0,0,0,0,582,4196412,140724770315068,4,5,4294967276,5,0,1,0,0,0,0,0,0,0,0,0,0,0,0,0,0,
205,4196415,120,120,140724770315088,140724770315008,0,5,120,5,51,43,0,0,0,0,582,4196415,140724770315068,4,5,4294967276,5,0,1,0,0,0,0,0,0,0,0,0,0,0,0,0,0,
206,4196418,120,120,140724770315088,140724770315008,0,5,5,5,51,43,0,0,0,0,582,4196418,0,0,0,0,0,0,0,0,0,0,0,0,0,0,0,0,0,0,0,0,0,
207,4196423,120,120,140724770315088,140724770315008,0,5,5,6,51,43,0,0,0,0,518,4196423,0,0,0,0,0,0,0,0,0,0,0,0,0,0,0,0,0,0,0,0,0,
208,4196429,120,120,140724770315088,140724770315008,0,5,6,6,51,43,0,0,0,0,518,4196429,0,0,0,0,0,0,0,0,0,0,0,0,0,0,0,0,0,0,0,0,0,
209,4196431,6,120,140724770315088,140724770315008,0,5,6,6,51,43,0,0,0,0,518,4196431,0,0,0,0,0,0,0,0,0,0,0,0,0,0,0,0,0,0,0,0,0,
210,4196433,6,6,140724770315088,140724770315008,0,5,6,6,51,43,0,0,0,0,518,4196433,0,0,0,0,0,0,0,0,0,0,0,0,0,0,140724770315036,4,5,4294967244,5,0,1,
211,4196436,6,6,140724770315088,140724770315008,0,5,6,6,51,43,0,0,0,0,518,4196436,0,0,0,0,0,0,0,0,0,0,0,0,0,0,140724770315000,8,4196406,0,6,0,1,
212,4196441,6,6,140724770315088,140724770315008,0,5,6,6,51,43,0,0,0,0,582,4196441,140724770315036,4,6,4294967244,5,0,1,0,0,0,0,0,0,0,0,0,0,0,0,0,0,
213,4196444,6,6,140724770315088,140724770315008,0,5,6,6,51,43,0,0,0,0,582,4196444,0,0,0,0,0,0,0,0,0,0,0,0,0,0,140724770315068,4,5,4294967276,5,0,1,
214,4196447,6,6,140724770315088,140724770315008,0,5,6,6,51,43,0,0,0,0,582,4196447,0,0,0,0,0,0,0,0,0,0,0,0,0,0,0,0,0,0,0,0,0,
215,4196321,6,6,140724770315088,140724770315008,0,5,6,6,51,43,0,0,0,0,582,4196321,140724770315068,4,6,4294967276,5,0,1,0,0,0,0,0,0,0,0,0,0,0,0,0,0,
216,4196324,6,6,140724770315088,140724770315008,0,5,6,6,51,43,0,0,0,0,582,4196324,140724770315068,4,6,4294967276,5,0,1,0,0,0,0,0,0,0,0,0,0,0,0,0,0,
217,4196327,6,6,140724770315088,140724770315008,0,5,6,6,51,43,0,0,0,0,582,4196327,140724770315060,4,6,4294967268,5,0,1,0,0,0,0,0,0,0,0,0,0,0,0,0,0,
218,4196330,6,6,140724770315088,140724770315008,0,6,6,6,51,43,0,0,0,0,582,4196330,140724770315060,4,6,4294967268,5,0,1,0,0,0,0,0,0,0,0,0,0,0,0,0,0,
219,4196333,6,6,140724770315088,140724770315008,0,6,6,6,51,43,0,0,0,0,582,4196333,0,0,0,0,0,0,0,0,0,0,0,0,0,0,0,0,0,0,0,0,0,
220,4196335,6,6,140724770315088,140724770315008,0,6,6,6,51,43,0,0,0,0,582,4196335,0,0,0,0,0,0,0,0,0,0,0,0,0,0,0,0,0,0,0,0,0,
221,4196339,1,6,140724770315088,140724770315008,0,6,6,6,51,43,0,0,0,0,582,4196339,0,0,0,0,0,0,0,0,0,0,0,0,0,0,0,0,0,0,0,0,0,
222,4196341,1,6,140724770315088,140724770315008,0,6,6,6,51,43,0,0,0,0,582,4196341,0,0,0,0,0,0,0,0,0,0,0,0,0,0,0,0,0,0,0,0,0,
223,4196345,1,6,140724770315088,140724770315008,0,6,6,6,51,43,0,0,0,0,582,4196345,0,0,0,0,0,0,0,0,0,0,0,0,0,0,0,0,0,0,0,0,0,
224,4196349,1,6,140724770315088,140724770315008,0,6,6,1,51,43,0,0,0,0,582,4196349,0,0,0,0,0,0,0,0,0,0,0,0,0,0,0,0,0,0,0,0,0,
225,4196353,1,1,140724770315088,140724770315008,0,6,6,1,51,43,0,0,0,0,582,4196353,0,0,0,0,0,0,0,0,0,0,0,0,0,0,140724770315047,1,1,4294967255,5,0,1,
226,4196357,1,1,140724770315088,140724770315008,0,6,6,1,51,43,0,0,0,0,582,4196357,0,0,0,0,0,0,0,0,0,0,0,0,0,0,0,0,0,0,0,0,0,
227,4196359,1,1,140724770315088,140724770315008,0,6,6,1,51,43,0,0,0,0,582,4196359,0,0,0,0,0,0,0,0,0,0,0,0,0,0,140724770315000,8,4196441,0,6,0,1,
228,4196364,1,1,140724770315088,140724770315008,0,6,6,1,51,43,0,0,0,0,582,4196364,140724770315047,1,1,4294967255,5,0,1,0,0,0,0,0,0,0,0,0,0,0,0,0,0,
229,4196368,1,1,140724770315088,140724770315008,0,6,6,1,51,43,0,0,0,0,582,4196368,0,0,0,0,0,0,0,0,0,0,0,0,0,0,0,0,0,0,0,0,0,
230,4196372,1,1,140724770315088,140724770315008,0,6,6,1,51,43,0,0,0,0,514,4196372,0,0,0,0,0,0,0,0,0,0,0,0,0,0,0,0,0,0,0,0,0,
231,4196376,1,1,140724770315088,140724770315008,0,6,6,1,51,43,0,0,0,0,514,4196376,140724770315064,4,120,4294967272,5,0,1,0,0,0,0,0,0,0,0,0,0,0,0,0,0,
232,4196379,1,1,140724770315088,140724770315008,0,6,6,120,51,43,0,0,0,0,514,4196379,140724770315064,4,120,4294967272,5,0,1,0,0,0,0,0,0,0,0,0,0,0,0,0,0,
233,4196382,1,1,140724770315088,140724770315008,0,6,120,120,51,43,0,0,0,0,514,4196382,140724770315068,4,6,4294967276,5,0,1,0,0,0,0,0,0,0,0,0,0,0,0,0,0,
234,4196385,1,1,140724770315088,140724770315008,0,6,120,120,51,43,0,0,0,0,514,4196385,140724770315068,4,6,4294967276,5,0,1,0,0,0,0,0,0,0,0,0,0,0,0,0,0,
235,4196388,1,6,140724770315088,140724770315008,0,6,120,120,51,43,0,0,0,0,514,4196388,0,0,0,0,0,0,0,0,0,0,0,0,0,0,0,0,0,0,0,0,0,
236,4196391,1,6,140724770315088,140724770315008,0,6,120,720,51,43,0,0,0,0,514,4196391,0,0,0,0,0,0,0,0,0,0,0,0,0,0,0,0,0,0,0,0,0,
237,4196394,1,6,140724770315088,140724770315008,0,6,720,720,51,43,0,0,0,0,514,4196394,0,0,0,0,0,0,0,0,0,0,0,0,0,0,0,0,0,0,0,0,0,
238,4196396,720,6,140724770315088,140724770315008,0,6,720,720,51,43,0,0,0,0,514,4196396,0,0,0,0,0,0,0,0,0,0,0,0,0,0,0,0,0,0,0,0,0,
239,4196398,720,720,140724770315088,140724770315008,0,6,720,720,51,43,0,0,0,0,514,4196398,0,0,0,0,0,0,0,0,0,0,0,0,0,0,140724770315040,4,120,4294967248,5,0,1,
240,4196401,720,720,140724770315088,140724770315008,0,6,720,720,51,43,0,0,0,0,514,4196401,0,0,0,0,0,0,0,0,0,0,0,0,0,0,140724770315000,8,4196364,0,6,0,1,
241,4196406,720,720,140724770315088,140724770315008,0,6,720,720,51,43,0,0,0,0,582,4196406,140724770315040,4,720,4294967248,5,0,1,0,0,0,0,0,0,0,0,0,0,0,0,0,0,
242,4196409,720,720,140724770315088,140724770315008,0,6,720,720,51,43,0,0,0,0,582,4196409,0,0,0,0,0,0,0,0,0,0,0,0,0,0,140724770315064,4,120,4294967272,5,0,1,
243,4196412,720,720,140724770315088,140724770315008,0,6,720,720,51,43,0,0,0,0,582,4196412,140724770315068,4,6,4294967276,5,0,1,0,0,0,0,0,0,0,0,0,0,0,0,0,0,
244,4196415,720,720,140724770315088,140724770315008,0,6,720,6,51,43,0,0,0,0,582,4196415,140724770315068,4,6,4294967276,5,0,1,0,0,0,0,0,0,0,0,0,0,0,0,0,0,
245,4196418,720,720,140724770315088,140724770315008,0,6,6,6,51,43,0,0,0,0,582,4196418,0,0,0,0,0,0,0,0,0,0,0,0,0,0,0,0,0,0,0,0,0,
246,4196423,720,720,140724770315088,140724770315008,0,6,6,7,51,43,0,0,0,0,514,4196423,0,0,0,0,0,0,0,0,0,0,0,0,0,0,0,0,0,0,0,0,0,
247,4196429,720,720,140724770315088,140724770315008,0,6,7,7,51,43,0,0,0,0,514,4196429,0,0,0,0,0,0,0,0,0,0,0,0,0,0,0,0,0,0,0,0,0,
248,4196431,7,720,140724770315088,140724770315008,0,6,7,7,51,43,0,0,0,0,514,4196431,0,0,0,0,0,0,0,0,0,0,0,0,0,0,0,0,0,0,0,0,0,
249,4196433,7,7,140724770315088,140724770315008,0,6,7,7,51,43,0,0,0,0,514,4196433,0,0,0,0,0,0,0,0,0,0,0,0,0,0,140724770315036,4,6,4294967244,5,0,1,
250,4196436,7,7,140724770315088,140724770315008,0,6,7,7,51,43,0,0,0,0,514,4196436,0,0,0,0,0,0,0,0,0,0,0,0,0,0,140724770315000,8,4196406,0,6,0,1,
251,4196441,7,7,140724770315088,140724770315008,0,6,7,7,51,43,0,0,0,0,582,4196441,140724770315036,4,7,4294967244,5,0,1,0,0,0,0,0,0,0,0,0,0,0,0,0,0,
252,4196444,7,7,140724770315088,140724770315008,0,6,7,7,51,43,0,0,0,0,582,4196444,0,0,0,0,0,0,0,0,0,0,0,0,0,0,140724770315068,4,6,4294967276,5,0,1,
253,4196447,7,7,140724770315088,140724770315008,0,6,7,7,51,43,0,0,0,0,582,4196447,0,0,0,0,0,0,0,0,0,0,0,0,0,0,0,0,0,0,0,0,0,
254,4196321,7,7,140724770315088,140724770315008,0,6,7,7,51,43,0,0,0,0,582,4196321,140724770315068,4,7,4294967276,5,0,1,0,0,0,0,0,0,0,0,0,0,0,0,0,0,
255,4196324,7,7,140724770315088,140724770315008,0,6,7,7,51,43,0,0,0,0,582,4196324,140724770315068,4,7,4294967276,5,0,1,0,0,0,0,0,0,0,0,0,0,0,0,0,0,
256,4196327,7,7,140724770315088,140724770315008,0,6,7,7,51,43,0,0,0,0,582,4196327,140724770315060,4,6,4294967268,5,0,1,0,0,0,0,0,0,0,0,0,0,0,0,0,0,
257,4196330,7,7,140724770315088,140724770315008,0,6,7,7,51,43,0,0,0,0,582,4196330,140724770315060,4,6,4294967268,5,0,1,0,0,0,0,0,0,0,0,0,0,0,0,0,0,
258,4196333,7,6,140724770315088,140724770315008,0,6,7,7,51,43,0,0,0,0,582,4196333,0,0,0,0,0,0,0,0,0,0,0,0,0,0,0,0,0,0,0,0,0,
259,4196335,7,6,140724770315088,140724770315008,0,6,7,7,51,43,0,0,0,0,514,4196335,0,0,0,0,0,0,0,0,0,0,0,0,0,0,0,0,0,0,0,0,0,
260,4196339,0,6,140724770315088,140724770315008,0,6,7,7,51,43,0,0,0,0,514,4196339,0,0,0,0,0,0,0,0,0,0,0,0,0,0,0,0,0,0,0,0,0,
261,4196341,0,6,140724770315088,140724770315008,0,6,7,7,51,43,0,0,0,0,514,4196341,0,0,0,0,0,0,0,0,0,0,0,0,0,0,0,0,0,0,0,0,0,
262,4196345,0,6,140724770315088,140724770315008,0,6,7,7,51,43,0,0,0,0,514,4196345,0,0,0,0,0,0,0,0,0,0,0,0,0,0,0,0,0,0,0,0,0,
263,4196349,0,6,140724770315088,140724770315008,0,6,7,0,51,43,0,0,0,0,514,4196349,0,0,0,0,0,0,0,0,0,0,0,0,0,0,0,0,0,0,0,0,0,
264,4196353,0,0,140724770315088,140724770315008,0,6,7,0,51,43,0,0,0,0,514,4196353,0,0,0,0,0,0,0,0,0,0,0,0,0,0,140724770315047,1,1,4294967255,5,0,1,
265,4196357,0,0,140724770315088,140724770315008,0,6,7,0,51,43,0,0,0,0,514,4196357,0,0,0,0,0,0,0,0,0,0,0,0,0,0,0,0,0,0,0,0,0,
266,4196359,0,0,140724770315088,140724770315008,0,6,7,0,51,43,0,0,0,0,514,4196359,0,0,0,0,0,0,0,0,0,0,0,0,0,0,140724770315000,8,4196441,0,6,0,1,
267,4196364,0,0,140724770315088,140724770315008,0,6,7,0,51,43,0,0,0,0,582,4196364,140724770315047,1,0,4294967255,5,0,1,0,0,0,0,0,0,0,0,0,0,0,0,0,0,
268,4196368,0,0,140724770315088,140724770315008,0,6,7,0,51,43,0,0,0,0,582,4196368,0,0,0,0,0,0,0,0,0,0,0,0,0,0,0,0,0,0,0,0,0,
269,4196372,0,0,140724770315088,140724770315008,0,6,7,0,51,43,0,0,0,0,582,4196372,0,0,0,0,0,0,0,0,0,0,0,0,0,0,0,0,0,0,0,0,0,
270,4196374,0,0,140724770315088,140724770315008,0,6,7,0,51,43,0,0,0,0,582,4196374,0,0,0,0,0,0,0,0,0,0,0,0,0,0,0,0,0,0,0,0,0,
271,4196449,0,0,140724770315088,140724770315008,0,6,7,0,51,43,0,0,0,0,582,4196449,0,0,0,0,0,0,0,0,0,0,0,0,0,0,0,0,0,0,0,0,0,
272,4196457,4196644,0,140724770315088,140724770315008,0,6,7,0,51,43,0,0,0,0,582,4196457,140724770315064,4,720,4294967272,5,0,1,0,0,0,0,0,0,0,0,0,0,0,0,0,0,
273,4196460,4196644,0,140724770315088,140724770315008,0,6,7,720,51,43,0,0,0,0,582,4196460,140724770315064,4,720,4294967272,5,0,1,0,0,0,0,0,0,0,0,0,0,0,0,0,0,
274,4196463,4196644,720,140724770315088,140724770315008,0,6,7,720,51,43,0,0,0,0,582,4196463,0,0,0,0,0,0,0,0,0,0,0,0,0,0,140724770315024,8,1,4294967232,5,0,1,
275,4196467,4196644,720,140724770315088,140724770315008,0,6,7,720,51,43,0,0,0,0,582,4196467,0,0,0,0,0,0,0,0,0,0,0,0,0,0,0,0,0,0,0,0,0,
276,4196469,720,720,140724770315088,140724770315008,0,6,7,720,51,43,0,0,0,0,582,4196469,0,0,0,0,0,0,0,0,0,0,0,0,0,0,140724770315020,4,0,4294967228,5,0,1,
277,4196472,720,720,140724770315088,140724770315008,0,6,7,720,51,43,0,0,0,0,582,4196472,0,0,0,0,0,0,0,0,0,0,0,0,0,0,140724770315000,8,4196364,0,6,0,1,
278,4196477,720,720,140724770315088,140724770315008,0,6,7,720,51,43,0,0,0,0,582,4196477,140724770315024,8,4196644,4294967232,5,0,1,0,0,0,0,0,0,0,0,0,0,0,0,0,0,
279,4196481,4196644,720,140724770315088,140724770315008,0,6,7,720,51,43,0,0,0,0,582,4196481,140724770315020,4,720,4294967228,5,0,1,0,0,0,0,0,0,0,0,0,0,0,0,0,0,
280,4196484,4196644,720,140724770315088,140724770315008,0,6,7,720,51,43,0,0,0,0,582,4196484,0,0,0,0,0,0,0,0,0,0,0,0,0,0,0,0,0,0,0,0,0,
281,4196486,4196644,720,140724770315088,140724770315008,0,6,7,512,51,43,0,0,0,0,582,4196486,0,0,0,0,0,0,0,0,0,0,0,0,0,0,140724770315000,8,4196477,0,6,0,1,
282,4196491,140724770313680,0,140724770315088,140724770315008,0,0,2147483644,4,51,43,0,0,0,0,514,4196491,0,0,0,0,0,0,0,0,0,0,0,0,0,0,0,0,0,0,0,0,0,
283,4196496,0,0,140724770315088,140724770315008,0,0,2147483644,4,51,43,0,0,0,0,514,4196496,0,0,0,0,0,0,0,0,0,0,0,0,0,0,140724770315016,4,0,4294967224,5,0,1,
284,4196499,0,0,140724770315088,140724770315008,0,0,2147483644,4,51,43,0,0,0,0,514,4196499,0,0,0,0,0,0,0,0,0,0,0,0,0,0,140724770315000,8,4196491,0,6,0,1,
