,dyn,ip,REG_RDI,REG_RSI,REG_RBP,REG_RSP,REG_RBX,REG_RDX,REG_RCX,REG_RAX,REG_SEG_CS,REG_SEG_SS,REG_SEG_DS,REG_SEG_ES,REG_SEG_FS,REG_SEG_GS,REG_RFLAGS,REG_RIP,memread_addr_1,read_size_1,mem_val_1,displacement_1,base_reg_1,index_reg_1,scale_1,memread_addr_2,read_size_2,mem_val_2,displacement_2,base_reg_2,index_reg_2,scale_2,memwrite_addr,read_size,mem_val,displacement,base_reg,index_reg,scale,Unnamed: 39,num,dyn,ip,reg,bit,left,right,result
0,0,4196240,2,140724770315320,4196512,140724770315096,0,140724770315344,288,4196240,51,43,0,0,0,0,582,4196240,0,0,0,0,0,0,0,0,0,0,0,0,0,0,140724770315088,8,0,0,6,0,1,,0,4,4196255,3,-2,0,4,3
1,1,4196241,2,140724770315320,4196512,140724770315088,0,140724770315344,288,4196240,51,43,0,0,0,0,582,4196241,0,0,0,0,0,0,0,0,0,0,0,0,0,0,0,0,0,0,0,0,0,,1,13,4196288,3,-2,11,13,1
2,2,4196244,2,140724770315320,140724770315088,140724770315088,0,140724770315344,288,4196240,51,43,0,0,0,0,582,4196244,0,0,0,0,0,0,0,0,0,0,0,0,0,0,0,0,0,0,0,0,0,,2,16,4196299,3,-2,15,16,2
3,3,4196248,2,140724770315320,140724770315088,140724770315008,0,140724770315344,288,4196240,51,43,0,0,0,0,518,4196248,0,0,0,0,0,0,0,0,0,0,0,0,0,0,140724770315084,4,0,4294967292,5,0,1,,3,28,4196345,3,-2,26,28,1
4,4,4196255,2,140724770315320,140724770315088,140724770315008,0,140724770315344,288,4196240,51,43,0,0,0,0,518,4196255,0,0,0,0,0,0,0,0,0,0,0,0,0,0,140724770315080,4,0,4294967288,5,0,1,,4,30,4196353,3,-2,29,30,4
5,5,4196258,2,140724770315320,140724770315088,140724770315008,0,140724770315344,288,4196240,51,43,0,0,0,0,518,4196258,0,0,0,0,0,0,0,0,0,0,0,0,0,0,140724770315072,8,140724770315312,4294967280,5,0,1,,5,32,4196359,3,-2,32,32,1
6,6,4196262,2,140724770315320,140724770315088,140724770315008,0,140724770315344,288,4196240,51,43,0,0,0,0,518,4196262,140724770315072,8,140724770315320,4294967280,5,0,1,0,0,0,0,0,0,0,0,0,0,0,0,0,0,,6,45,4196401,3,-2,43,45,1
7,7,4196266,2,140724770315320,140724770315088,140724770315008,0,140724770315344,288,4196240,51,43,0,0,0,0,518,4196266,140724770315072,8,140724770315320,4294967280,5,0,1,0,0,0,0,0,0,0,0,0,0,0,0,0,0,,7,55,4196436,3,-2,53,55,1
8,8,4196270,2,140724770315320,140724770315088,140724770315008,0,140724770315344,288,140724770315320,51,43,0,0,0,0,518,4196270,140724770315328,8,140724770324037,8,4,0,1,0,0,0,0,0,0,0,0,0,0,0,0,0,0,,8,67,4196345,3,-2,65,67,1
9,9,4196274,2,140724770324037,140724770315088,140724770315008,0,140724770315344,288,140724770315320,51,43,0,0,0,0,518,4196274,140724770315328,8,140724770324037,8,10,0,1,0,0,0,0,0,0,0,0,0,0,0,0,0,0,,9,69,4196353,3,-2,68,69,4
10,10,4196278,2,140724770324037,140724770315088,140724770315008,0,140724770315344,288,140724770324037,51,43,0,0,0,0,518,4196278,0,0,0,0,0,0,0,0,0,0,0,0,0,0,0,0,0,0,0,0,0,,10,71,4196359,3,-2,71,71,1
11,11,4196281,140724770324037,140724770324037,140724770315088,140724770315008,0,140724770315344,288,140724770324037,51,43,0,0,0,0,518,4196281,0,0,0,0,0,0,0,0,0,0,0,0,0,0,140724770315048,8,0,4294967256,5,0,1,,11,84,4196401,3,-2,82,84,1
12,12,4196285,140724770324037,140724770324037,140724770315088,140724770315008,0,140724770315344,288,140724770324037,51,43,0,0,0,0,518,4196285,0,0,0,0,0,0,0,0,0,0,0,0,0,0,0,0,0,0,0,0,0,,12,94,4196436,3,-2,92,94,1
13,13,4196288,140724770324037,140724770324037,140724770315088,140724770315008,0,140724770315344,288,140724770324037,51,43,0,0,0,0,518,4196288,0,0,0,0,0,0,0,0,0,0,0,0,0,0,140724770315000,8,0,0,6,0,1,,13,106,4196345,3,-2,104,106,1
14,14,4196293,140724770324037,140724770324037,140724770315088,140724770315008,0,140724770315344,288,140724770324037,51,43,0,0,0,0,582,4196293,140724770315048,8,140724770324037,4294967256,5,0,1,0,0,0,0,0,0,0,0,0,0,0,0,0,0,,14,108,4196353,3,-2,107,108,4
15,15,4196297,140724770324037,140724770324037,140724770315088,140724770315008,0,140724770315344,288,140724770324037,51,43,0,0,0,0,582,4196297,0,0,0,0,0,0,0,0,0,0,0,0,0,0,0,0,0,0,0,0,0,,15,110,4196359,3,-2,110,110,1
16,16,4196299,140724770324037,140724770324037,140724770315088,140724770315008,0,140724770315344,288,140724770323968,51,43,0,0,0,0,582,4196299,0,0,0,0,0,0,0,0,0,0,0,0,0,0,140724770315000,8,4196293,0,6,0,1,,16,123,4196401,3,-2,121,123,1
17,17,4196304,140724770324038,6,140724770315088,140724770315008,0,0,140724770324037,6,51,43,0,0,0,0,514,4196304,0,0,0,0,0,0,0,0,0,0,0,0,0,0,140724770315060,4,0,4294967268,5,0,1,,17,133,4196436,3,-2,131,133,1
18,18,4196307,140724770324038,6,140724770315088,140724770315008,0,0,140724770324037,6,51,43,0,0,0,0,514,4196307,0,0,0,0,0,0,0,0,0,0,0,0,0,0,140724770315064,4,4195984,4294967272,5,0,1,,18,145,4196345,3,-2,143,145,1
19,19,4196314,140724770324038,6,140724770315088,140724770315008,0,0,140724770324037,6,51,43,0,0,0,0,514,4196314,0,0,0,0,0,0,0,0,0,0,0,0,0,0,140724770315068,4,0,4294967276,5,0,1,,19,147,4196353,3,-2,146,147,4
20,20,4196321,140724770324038,6,140724770315088,140724770315008,0,0,140724770324037,6,51,43,0,0,0,0,514,4196321,140724770315068,4,1,4294967276,5,0,1,0,0,0,0,0,0,0,0,0,0,0,0,0,0,,20,149,4196359,3,-2,149,149,1
21,21,4196324,140724770324038,6,140724770315088,140724770315008,0,0,140724770324037,1,51,43,0,0,0,0,514,4196324,140724770315068,4,1,4294967276,5,0,1,0,0,0,0,0,0,0,0,0,0,0,0,0,0,,21,162,4196401,3,-2,160,162,1
22,22,4196327,140724770324038,6,140724770315088,140724770315008,0,0,1,1,51,43,0,0,0,0,514,4196327,140724770315060,4,6,4294967268,5,0,1,0,0,0,0,0,0,0,0,0,0,0,0,0,0,,22,172,4196436,3,-2,170,172,1
23,23,4196330,140724770324038,6,140724770315088,140724770315008,0,6,1,1,51,43,0,0,0,0,514,4196330,140724770315060,4,6,4294967268,5,0,1,0,0,0,0,0,0,0,0,0,0,0,0,0,0,,23,184,4196345,3,-2,182,184,1
24,24,4196333,140724770324038,6,140724770315088,140724770315008,0,6,1,1,51,43,0,0,0,0,514,4196333,0,0,0,0,0,0,0,0,0,0,0,0,0,0,0,0,0,0,0,0,0,,24,186,4196353,3,-2,185,186,4
25,25,4196335,140724770324038,6,140724770315088,140724770315008,0,6,1,1,51,43,0,0,0,0,659,4196335,0,0,0,0,0,0,0,0,0,0,0,0,0,0,0,0,0,0,0,0,0,,25,188,4196359,3,-2,188,188,1
26,26,4196339,140724770323969,6,140724770315088,140724770315008,0,6,1,1,51,43,0,0,0,0,659,4196339,0,0,0,0,0,0,0,0,0,0,0,0,0,0,0,0,0,0,0,0,0,,26,201,4196401,3,-2,199,201,1
27,27,4196341,140724770323969,6,140724770315088,140724770315008,0,6,1,1,51,43,0,0,0,0,659,4196341,0,0,0,0,0,0,0,0,0,0,0,0,0,0,0,0,0,0,0,0,0,,27,211,4196436,3,-2,209,211,1
28,28,4196345,140724770323969,6,140724770315088,140724770315008,0,6,1,1,51,43,0,0,0,0,659,4196345,0,0,0,0,0,0,0,0,0,0,0,0,0,0,0,0,0,0,0,0,0,,28,223,4196345,3,-2,221,223,1
29,29,4196349,140724770323969,6,140724770315088,140724770315008,0,6,1,1,51,43,0,0,0,0,659,4196349,0,0,0,0,0,0,0,0,0,0,0,0,0,0,0,0,0,0,0,0,0,,29,225,4196353,3,-2,224,225,4
30,30,4196353,140724770323969,1,140724770315088,140724770315008,0,6,1,1,51,43,0,0,0,0,659,4196353,0,0,0,0,0,0,0,0,0,0,0,0,0,0,140724770315047,1,0,4294967255,5,0,1,,30,227,4196359,3,-2,227,227,1
31,31,4196357,140724770323969,1,140724770315088,140724770315008,0,6,1,1,51,43,0,0,0,0,659,4196357,0,0,0,0,0,0,0,0,0,0,0,0,0,0,0,0,0,0,0,0,0,,31,240,4196401,3,-2,238,240,1
32,32,4196359,1,1,140724770315088,140724770315008,0,6,1,1,51,43,0,0,0,0,659,4196359,0,0,0,0,0,0,0,0,0,0,0,0,0,0,140724770315000,8,4196304,0,6,0,1,,32,250,4196436,3,-2,248,250,1
33,33,4196364,1,1,140724770315088,140724770315008,0,6,1,1,51,43,0,0,0,0,582,4196364,140724770315047,1,1,4294967255,5,0,1,0,0,0,0,0,0,0,0,0,0,0,0,0,0,,33,262,4196345,3,-2,260,262,1
34,34,4196368,1,1,140724770315088,140724770315008,0,6,1,1,51,43,0,0,0,0,582,4196368,0,0,0,0,0,0,0,0,0,0,0,0,0,0,0,0,0,0,0,0,0,,34,264,4196353,3,-2,263,264,4
35,35,4196372,1,1,140724770315088,140724770315008,0,6,1,1,51,43,0,0,0,0,514,4196372,0,0,0,0,0,0,0,0,0,0,0,0,0,0,0,0,0,0,0,0,0,,35,266,4196359,3,-2,266,266,1
36,36,4196376,1,1,140724770315088,140724770315008,0,6,1,1,51,43,0,0,0,0,514,4196376,140724770315064,4,1,4294967272,5,0,1,0,0,0,0,0,0,0,0,0,0,0,0,0,0,,36,274,4196463,3,-2,272,274,2
37,37,4196379,1,1,140724770315088,140724770315008,0,6,1,1,51,43,0,0,0,0,514,4196379,140724770315064,4,1,4294967272,5,0,1,0,0,0,0,0,0,0,0,0,0,0,0,0,0,,37,277,4196472,3,-2,276,277,1
38,38,4196382,1,1,140724770315088,140724770315008,0,6,1,1,51,43,0,0,0,0,514,4196382,140724770315068,4,1,4294967276,5,0,1,0,0,0,0,0,0,0,0,0,0,0,0,0,0,,38,281,4196486,3,-2,279,281,2
39,39,4196385,1,1,140724770315088,140724770315008,0,1,1,1,51,43,0,0,0,0,514,4196385,140724770315068,4,1,4294967276,5,0,1,0,0,0,0,0,0,0,0,0,0,0,0,0,0,,39,284,4196499,3,-2,283,284,2
40,40,4196388,1,1,140724770315088,140724770315008,0,1,1,1,51,43,0,0,0,0,514,4196388,0,0,0,0,0,0,0,0,0,0,0,0,0,0,0,0,0,0,0,0,0,,40,5,4196258,4,-2,0,5,2
41,41,4196391,1,1,140724770315088,140724770315008,0,1,1,1,51,43,0,0,0,0,514,4196391,0,0,0,0,0,0,0,0,0,0,0,0,0,0,0,0,0,0,0,0,0,,41,8,4196270,4,-2,7,8,2
42,42,4196394,1,1,140724770315088,140724770315008,0,1,1,1,51,43,0,0,0,0,514,4196394,0,0,0,0,0,0,0,0,0,0,0,0,0,0,0,0,0,0,0,0,0,,42,10,4196278,4,-2,9,10,1
43,43,4196396,1,1,140724770315088,140724770315008,0,1,1,1,51,43,0,0,0,0,514,4196396,0,0,0,0,0,0,0,0,0,0,0,0,0,0,0,0,0,0,0,0,0,,43,11,4196281,4,-2,11,11,2
44,44,4196398,1,1,140724770315088,140724770315008,0,1,1,1,51,43,0,0,0,0,514,4196398,0,0,0,0,0,0,0,0,0,0,0,0,0,0,140724770315040,4,0,4294967248,5,0,1,,44,13,4196288,4,-2,13,13,1
45,45,4196401,1,1,140724770315088,140724770315008,0,1,1,1,51,43,0,0,0,0,514,4196401,0,0,0,0,0,0,0,0,0,0,0,0,0,0,140724770315000,8,4196364,0,6,0,1,,45,16,4196299,4,-2,14,16,3
46,46,4196406,1,1,140724770315088,140724770315008,0,1,1,1,51,43,0,0,0,0,582,4196406,140724770315040,4,1,4294967248,5,0,1,0,0,0,0,0,0,0,0,0,0,0,0,0,0,,46,26,4196339,4,-2,24,26,1
47,47,4196409,1,1,140724770315088,140724770315008,0,1,1,1,51,43,0,0,0,0,582,4196409,0,0,0,0,0,0,0,0,0,0,0,0,0,0,140724770315064,4,1,4294967272,5,0,1,,47,32,4196359,4,-2,30,32,1
48,48,4196412,1,1,140724770315088,140724770315008,0,1,1,1,51,43,0,0,0,0,582,4196412,140724770315068,4,1,4294967276,5,0,1,0,0,0,0,0,0,0,0,0,0,0,0,0,0,,48,41,4196391,4,-2,40,41,1
49,49,4196415,1,1,140724770315088,140724770315008,0,1,1,1,51,43,0,0,0,0,582,4196415,140724770315068,4,1,4294967276,5,0,1,0,0,0,0,0,0,0,0,0,0,0,0,0,0,,49,45,4196401,4,-2,44,45,1
50,50,4196418,1,1,140724770315088,140724770315008,0,1,1,1,51,43,0,0,0,0,582,4196418,0,0,0,0,0,0,0,0,0,0,0,0,0,0,0,0,0,0,0,0,0,,50,55,4196436,4,-2,54,55,1
51,51,4196423,1,1,140724770315088,140724770315008,0,1,1,2,51,43,0,0,0,0,514,4196423,0,0,0,0,0,0,0,0,0,0,0,0,0,0,0,0,0,0,0,0,0,,51,65,4196339,4,-2,63,65,1
52,52,4196429,1,1,140724770315088,140724770315008,0,1,2,2,51,43,0,0,0,0,514,4196429,0,0,0,0,0,0,0,0,0,0,0,0,0,0,0,0,0,0,0,0,0,,52,71,4196359,4,-2,69,71,1
53,53,4196431,2,1,140724770315088,140724770315008,0,1,2,2,51,43,0,0,0,0,514,4196431,0,0,0,0,0,0,0,0,0,0,0,0,0,0,0,0,0,0,0,0,0,,53,80,4196391,4,-2,79,80,1
54,54,4196433,2,2,140724770315088,140724770315008,0,1,2,2,51,43,0,0,0,0,514,4196433,0,0,0,0,0,0,0,0,0,0,0,0,0,0,140724770315036,4,0,4294967244,5,0,1,,54,84,4196401,4,-2,83,84,1
55,55,4196436,2,2,140724770315088,140724770315008,0,1,2,2,51,43,0,0,0,0,514,4196436,0,0,0,0,0,0,0,0,0,0,0,0,0,0,140724770315000,8,4196406,0,6,0,1,,55,94,4196436,4,-2,93,94,1
56,56,4196441,2,2,140724770315088,140724770315008,0,1,2,2,51,43,0,0,0,0,582,4196441,140724770315036,4,2,4294967244,5,0,1,0,0,0,0,0,0,0,0,0,0,0,0,0,0,,56,104,4196339,4,-2,102,104,1
57,57,4196444,2,2,140724770315088,140724770315008,0,1,2,2,51,43,0,0,0,0,582,4196444,0,0,0,0,0,0,0,0,0,0,0,0,0,0,140724770315068,4,1,4294967276,5,0,1,,57,110,4196359,4,-2,108,110,1
58,58,4196447,2,2,140724770315088,140724770315008,0,1,2,2,51,43,0,0,0,0,582,4196447,0,0,0,0,0,0,0,0,0,0,0,0,0,0,0,0,0,0,0,0,0,,58,119,4196391,4,-2,118,119,1
59,59,4196321,2,2,140724770315088,140724770315008,0,1,2,2,51,43,0,0,0,0,582,4196321,140724770315068,4,2,4294967276,5,0,1,0,0,0,0,0,0,0,0,0,0,0,0,0,0,,59,123,4196401,4,-2,122,123,1
60,60,4196324,2,2,140724770315088,140724770315008,0,1,2,2,51,43,0,0,0,0,582,4196324,140724770315068,4,2,4294967276,5,0,1,0,0,0,0,0,0,0,0,0,0,0,0,0,0,,60,133,4196436,4,-2,132,133,1
61,61,4196327,2,2,140724770315088,140724770315008,0,1,2,2,51,43,0,0,0,0,582,4196327,140724770315060,4,6,4294967268,5,0,1,0,0,0,0,0,0,0,0,0,0,0,0,0,0,,61,143,4196339,4,-2,141,143,1
62,62,4196330,2,2,140724770315088,140724770315008,0,6,2,2,51,43,0,0,0,0,582,4196330,140724770315060,4,6,4294967268,5,0,1,0,0,0,0,0,0,0,0,0,0,0,0,0,0,,62,149,4196359,4,-2,147,149,1
63,63,4196333,2,6,140724770315088,140724770315008,0,6,2,2,51,43,0,0,0,0,582,4196333,0,0,0,0,0,0,0,0,0,0,0,0,0,0,0,0,0,0,0,0,0,,63,158,4196391,4,-2,157,158,1
64,64,4196335,2,6,140724770315088,140724770315008,0,6,2,2,51,43,0,0,0,0,663,4196335,0,0,0,0,0,0,0,0,0,0,0,0,0,0,0,0,0,0,0,0,0,,64,162,4196401,4,-2,161,162,1
65,65,4196339,1,6,140724770315088,140724770315008,0,6,2,2,51,43,0,0,0,0,663,4196339,0,0,0,0,0,0,0,0,0,0,0,0,0,0,0,0,0,0,0,0,0,,65,172,4196436,4,-2,171,172,1
66,66,4196341,1,6,140724770315088,140724770315008,0,6,2,2,51,43,0,0,0,0,663,4196341,0,0,0,0,0,0,0,0,0,0,0,0,0,0,0,0,0,0,0,0,0,,66,182,4196339,4,-2,180,182,1
67,67,4196345,1,6,140724770315088,140724770315008,0,6,2,2,51,43,0,0,0,0,663,4196345,0,0,0,0,0,0,0,0,0,0,0,0,0,0,0,0,0,0,0,0,0,,67,188,4196359,4,-2,186,188,1
68,68,4196349,1,6,140724770315088,140724770315008,0,6,2,1,51,43,0,0,0,0,663,4196349,0,0,0,0,0,0,0,0,0,0,0,0,0,0,0,0,0,0,0,0,0,,68,197,4196391,4,-2,196,197,1
69,69,4196353,1,1,140724770315088,140724770315008,0,6,2,1,51,43,0,0,0,0,663,4196353,0,0,0,0,0,0,0,0,0,0,0,0,0,0,140724770315047,1,1,4294967255,5,0,1,,69,201,4196401,4,-2,200,201,1
70,70,4196357,1,1,140724770315088,140724770315008,0,6,2,1,51,43,0,0,0,0,663,4196357,0,0,0,0,0,0,0,0,0,0,0,0,0,0,0,0,0,0,0,0,0,,70,211,4196436,4,-2,210,211,1
71,71,4196359,1,1,140724770315088,140724770315008,0,6,2,1,51,43,0,0,0,0,663,4196359,0,0,0,0,0,0,0,0,0,0,0,0,0,0,140724770315000,8,4196441,0,6,0,1,,71,221,4196339,4,-2,219,221,1
72,72,4196364,1,1,140724770315088,140724770315008,0,6,2,1,51,43,0,0,0,0,582,4196364,140724770315047,1,1,4294967255,5,0,1,0,0,0,0,0,0,0,0,0,0,0,0,0,0,,72,227,4196359,4,-2,225,227,1
73,73,4196368,1,1,140724770315088,140724770315008,0,6,2,1,51,43,0,0,0,0,582,4196368,0,0,0,0,0,0,0,0,0,0,0,0,0,0,0,0,0,0,0,0,0,,73,236,4196391,4,-2,235,236,1
74,74,4196372,1,1,140724770315088,140724770315008,0,6,2,1,51,43,0,0,0,0,514,4196372,0,0,0,0,0,0,0,0,0,0,0,0,0,0,0,0,0,0,0,0,0,,74,240,4196401,4,-2,239,240,1
75,75,4196376,1,1,140724770315088,140724770315008,0,6,2,1,51,43,0,0,0,0,514,4196376,140724770315064,4,1,4294967272,5,0,1,0,0,0,0,0,0,0,0,0,0,0,0,0,0,,75,250,4196436,4,-2,249,250,1
76,76,4196379,1,1,140724770315088,140724770315008,0,6,2,1,51,43,0,0,0,0,514,4196379,140724770315064,4,1,4294967272,5,0,1,0,0,0,0,0,0,0,0,0,0,0,0,0,0,,76,260,4196339,4,-2,258,260,3
77,77,4196382,1,1,140724770315088,140724770315008,0,6,1,1,51,43,0,0,0,0,514,4196382,140724770315068,4,2,4294967276,5,0,1,0,0,0,0,0,0,0,0,0,0,0,0,0,0,,77,266,4196359,4,-2,264,266,1
78,78,4196385,1,1,140724770315088,140724770315008,0,2,1,1,51,43,0,0,0,0,514,4196385,140724770315068,4,2,4294967276,5,0,1,0,0,0,0,0,0,0,0,0,0,0,0,0,0,,78,277,4196472,4,-2,274,277,1
79,79,4196388,1,2,140724770315088,140724770315008,0,2,1,1,51,43,0,0,0,0,514,4196388,0,0,0,0,0,0,0,0,0,0,0,0,0,0,0,0,0,0,0,0,0,,79,281,4196486,4,-2,280,281,4
80,80,4196391,1,2,140724770315088,140724770315008,0,2,1,2,51,43,0,0,0,0,514,4196391,0,0,0,0,0,0,0,0,0,0,0,0,0,0,0,0,0,0,0,0,0,,80,284,4196499,4,-2,282,284,3
81,81,4196394,1,2,140724770315088,140724770315008,0,2,2,2,51,43,0,0,0,0,514,4196394,0,0,0,0,0,0,0,0,0,0,0,0,0,0,0,0,0,0,0,0,0,,81,24,4196333,8,-2,23,24,1
82,82,4196396,2,2,140724770315088,140724770315008,0,2,2,2,51,43,0,0,0,0,514,4196396,0,0,0,0,0,0,0,0,0,0,0,0,0,0,0,0,0,0,0,0,0,,82,40,4196388,8,-2,39,40,1
83,83,4196398,2,2,140724770315088,140724770315008,0,2,2,2,51,43,0,0,0,0,514,4196398,0,0,0,0,0,0,0,0,0,0,0,0,0,0,140724770315040,4,1,4294967248,5,0,1,,83,63,4196333,8,-2,62,63,1
84,84,4196401,2,2,140724770315088,140724770315008,0,2,2,2,51,43,0,0,0,0,514,4196401,0,0,0,0,0,0,0,0,0,0,0,0,0,0,140724770315000,8,4196364,0,6,0,1,,84,79,4196388,8,-2,78,79,1
85,85,4196406,2,2,140724770315088,140724770315008,0,2,2,2,51,43,0,0,0,0,582,4196406,140724770315040,4,2,4294967248,5,0,1,0,0,0,0,0,0,0,0,0,0,0,0,0,0,,85,102,4196333,8,-2,101,102,1
86,86,4196409,2,2,140724770315088,140724770315008,0,2,2,2,51,43,0,0,0,0,582,4196409,0,0,0,0,0,0,0,0,0,0,0,0,0,0,140724770315064,4,1,4294967272,5,0,1,,86,118,4196388,8,-2,117,118,1
87,87,4196412,2,2,140724770315088,140724770315008,0,2,2,2,51,43,0,0,0,0,582,4196412,140724770315068,4,2,4294967276,5,0,1,0,0,0,0,0,0,0,0,0,0,0,0,0,0,,87,141,4196333,8,-2,140,141,1
88,88,4196415,2,2,140724770315088,140724770315008,0,2,2,2,51,43,0,0,0,0,582,4196415,140724770315068,4,2,4294967276,5,0,1,0,0,0,0,0,0,0,0,0,0,0,0,0,0,,88,157,4196388,8,-2,156,157,1
89,89,4196418,2,2,140724770315088,140724770315008,0,2,2,2,51,43,0,0,0,0,582,4196418,0,0,0,0,0,0,0,0,0,0,0,0,0,0,0,0,0,0,0,0,0,,89,180,4196333,8,-2,179,180,1
90,90,4196423,2,2,140724770315088,140724770315008,0,2,2,3,51,43,0,0,0,0,518,4196423,0,0,0,0,0,0,0,0,0,0,0,0,0,0,0,0,0,0,0,0,0,,90,196,4196388,8,-2,195,196,1
91,91,4196429,2,2,140724770315088,140724770315008,0,2,3,3,51,43,0,0,0,0,518,4196429,0,0,0,0,0,0,0,0,0,0,0,0,0,0,0,0,0,0,0,0,0,,91,219,4196333,8,-2,218,219,1
92,92,4196431,3,2,140724770315088,140724770315008,0,2,3,3,51,43,0,0,0,0,518,4196431,0,0,0,0,0,0,0,0,0,0,0,0,0,0,0,0,0,0,0,0,0,,92,235,4196388,8,-2,234,235,1
93,93,4196433,3,3,140724770315088,140724770315008,0,2,3,3,51,43,0,0,0,0,518,4196433,0,0,0,0,0,0,0,0,0,0,0,0,0,0,140724770315036,4,2,4294967244,5,0,1,,93,258,4196333,8,-2,257,258,3
94,94,4196436,3,3,140724770315088,140724770315008,0,2,3,3,51,43,0,0,0,0,518,4196436,0,0,0,0,0,0,0,0,0,0,0,0,0,0,140724770315000,8,4196406,0,6,0,1,,94,26,4196339,9,-2,22,26,3
95,95,4196441,3,3,140724770315088,140724770315008,0,2,3,3,51,43,0,0,0,0,582,4196441,140724770315036,4,3,4294967244,5,0,1,0,0,0,0,0,0,0,0,0,0,0,0,0,0,,95,41,4196391,9,-2,38,41,1
96,96,4196444,3,3,140724770315088,140724770315008,0,2,3,3,51,43,0,0,0,0,582,4196444,0,0,0,0,0,0,0,0,0,0,0,0,0,0,140724770315068,4,2,4294967276,5,0,1,,96,43,4196396,9,-2,42,43,1
97,97,4196447,3,3,140724770315088,140724770315008,0,2,3,3,51,43,0,0,0,0,582,4196447,0,0,0,0,0,0,0,0,0,0,0,0,0,0,0,0,0,0,0,0,0,,97,51,4196423,9,-2,50,51,1
98,98,4196321,3,3,140724770315088,140724770315008,0,2,3,3,51,43,0,0,0,0,582,4196321,140724770315068,4,3,4294967276,5,0,1,0,0,0,0,0,0,0,0,0,0,0,0,0,0,,98,53,4196431,9,-2,52,53,1
99,99,4196324,3,3,140724770315088,140724770315008,0,2,3,3,51,43,0,0,0,0,582,4196324,140724770315068,4,3,4294967276,5,0,1,0,0,0,0,0,0,0,0,0,0,0,0,0,0,,99,65,4196339,9,-2,61,65,3
100,100,4196327,3,3,140724770315088,140724770315008,0,2,3,3,51,43,0,0,0,0,582,4196327,140724770315060,4,6,4294967268,5,0,1,0,0,0,0,0,0,0,0,0,0,0,0,0,0,,100,80,4196391,9,-2,77,80,1
101,101,4196330,3,3,140724770315088,140724770315008,0,6,3,3,51,43,0,0,0,0,582,4196330,140724770315060,4,6,4294967268,5,0,1,0,0,0,0,0,0,0,0,0,0,0,0,0,0,,101,82,4196396,9,-2,81,82,1
102,102,4196333,3,6,140724770315088,140724770315008,0,6,3,3,51,43,0,0,0,0,582,4196333,0,0,0,0,0,0,0,0,0,0,0,0,0,0,0,0,0,0,0,0,0,,102,90,4196423,9,-2,89,90,1
103,103,4196335,3,6,140724770315088,140724770315008,0,6,3,3,51,43,0,0,0,0,659,4196335,0,0,0,0,0,0,0,0,0,0,0,0,0,0,0,0,0,0,0,0,0,,103,92,4196431,9,-2,91,92,1
104,104,4196339,1,6,140724770315088,140724770315008,0,6,3,3,51,43,0,0,0,0,659,4196339,0,0,0,0,0,0,0,0,0,0,0,0,0,0,0,0,0,0,0,0,0,,104,104,4196339,9,-2,100,104,3
105,105,4196341,1,6,140724770315088,140724770315008,0,6,3,3,51,43,0,0,0,0,659,4196341,0,0,0,0,0,0,0,0,0,0,0,0,0,0,0,0,0,0,0,0,0,,105,119,4196391,9,-2,116,119,1
106,106,4196345,1,6,140724770315088,140724770315008,0,6,3,3,51,43,0,0,0,0,659,4196345,0,0,0,0,0,0,0,0,0,0,0,0,0,0,0,0,0,0,0,0,0,,106,121,4196396,9,-2,120,121,1
107,107,4196349,1,6,140724770315088,140724770315008,0,6,3,1,51,43,0,0,0,0,659,4196349,0,0,0,0,0,0,0,0,0,0,0,0,0,0,0,0,0,0,0,0,0,,107,129,4196423,9,-2,128,129,1
108,108,4196353,1,1,140724770315088,140724770315008,0,6,3,1,51,43,0,0,0,0,659,4196353,0,0,0,0,0,0,0,0,0,0,0,0,0,0,140724770315047,1,1,4294967255,5,0,1,,108,131,4196431,9,-2,130,131,1
109,109,4196357,1,1,140724770315088,140724770315008,0,6,3,1,51,43,0,0,0,0,659,4196357,0,0,0,0,0,0,0,0,0,0,0,0,0,0,0,0,0,0,0,0,0,,109,143,4196339,9,-2,139,143,3
110,110,4196359,1,1,140724770315088,140724770315008,0,6,3,1,51,43,0,0,0,0,659,4196359,0,0,0,0,0,0,0,0,0,0,0,0,0,0,140724770315000,8,4196441,0,6,0,1,,110,158,4196391,9,-2,155,158,1
111,111,4196364,1,1,140724770315088,140724770315008,0,6,3,1,51,43,0,0,0,0,582,4196364,140724770315047,1,1,4294967255,5,0,1,0,0,0,0,0,0,0,0,0,0,0,0,0,0,,111,160,4196396,9,-2,159,160,1
112,112,4196368,1,1,140724770315088,140724770315008,0,6,3,1,51,43,0,0,0,0,582,4196368,0,0,0,0,0,0,0,0,0,0,0,0,0,0,0,0,0,0,0,0,0,,112,168,4196423,9,-2,167,168,1
113,113,4196372,1,1,140724770315088,140724770315008,0,6,3,1,51,43,0,0,0,0,514,4196372,0,0,0,0,0,0,0,0,0,0,0,0,0,0,0,0,0,0,0,0,0,,113,170,4196431,9,-2,169,170,1
114,114,4196376,1,1,140724770315088,140724770315008,0,6,3,1,51,43,0,0,0,0,514,4196376,140724770315064,4,2,4294967272,5,0,1,0,0,0,0,0,0,0,0,0,0,0,0,0,0,,114,182,4196339,9,-2,178,182,3
115,115,4196379,1,1,140724770315088,140724770315008,0,6,3,2,51,43,0,0,0,0,514,4196379,140724770315064,4,2,4294967272,5,0,1,0,0,0,0,0,0,0,0,0,0,0,0,0,0,,115,197,4196391,9,-2,194,197,1
116,116,4196382,1,1,140724770315088,140724770315008,0,6,2,2,51,43,0,0,0,0,514,4196382,140724770315068,4,3,4294967276,5,0,1,0,0,0,0,0,0,0,0,0,0,0,0,0,0,,116,199,4196396,9,-2,198,199,1
117,117,4196385,1,1,140724770315088,140724770315008,0,3,2,2,51,43,0,0,0,0,514,4196385,140724770315068,4,3,4294967276,5,0,1,0,0,0,0,0,0,0,0,0,0,0,0,0,0,,117,207,4196423,9,-2,206,207,1
118,118,4196388,1,3,140724770315088,140724770315008,0,3,2,2,51,43,0,0,0,0,514,4196388,0,0,0,0,0,0,0,0,0,0,0,0,0,0,0,0,0,0,0,0,0,,118,209,4196431,9,-2,208,209,1
119,119,4196391,1,3,140724770315088,140724770315008,0,3,2,6,51,43,0,0,0,0,518,4196391,0,0,0,0,0,0,0,0,0,0,0,0,0,0,0,0,0,0,0,0,0,,119,221,4196339,9,-2,217,221,3
120,120,4196394,1,3,140724770315088,140724770315008,0,3,6,6,51,43,0,0,0,0,518,4196394,0,0,0,0,0,0,0,0,0,0,0,0,0,0,0,0,0,0,0,0,0,,120,236,4196391,9,-2,233,236,1
121,121,4196396,6,3,140724770315088,140724770315008,0,3,6,6,51,43,0,0,0,0,518,4196396,0,0,0,0,0,0,0,0,0,0,0,0,0,0,0,0,0,0,0,0,0,,121,238,4196396,9,-2,237,238,1
122,122,4196398,6,6,140724770315088,140724770315008,0,3,6,6,51,43,0,0,0,0,518,4196398,0,0,0,0,0,0,0,0,0,0,0,0,0,0,140724770315040,4,2,4294967248,5,0,1,,122,246,4196423,9,-2,245,246,1
123,123,4196401,6,6,140724770315088,140724770315008,0,3,6,6,51,43,0,0,0,0,518,4196401,0,0,0,0,0,0,0,0,0,0,0,0,0,0,140724770315000,8,4196364,0,6,0,1,,123,248,4196431,9,-2,247,248,1
124,124,4196406,6,6,140724770315088,140724770315008,0,3,6,6,51,43,0,0,0,0,582,4196406,140724770315040,4,6,4294967248,5,0,1,0,0,0,0,0,0,0,0,0,0,0,0,0,0,,124,260,4196339,9,-2,256,260,1
125,125,4196409,6,6,140724770315088,140724770315008,0,3,6,6,51,43,0,0,0,0,582,4196409,0,0,0,0,0,0,0,0,0,0,0,0,0,0,140724770315064,4,2,4294967272,5,0,1,,125,9,4196274,10,-2,8,9,2
126,126,4196412,6,6,140724770315088,140724770315008,0,3,6,6,51,43,0,0,0,0,582,4196412,140724770315068,4,3,4294967276,5,0,1,0,0,0,0,0,0,0,0,0,0,0,0,0,0,,126,12,4196285,10,-2,10,12,1
127,127,4196415,6,6,140724770315088,140724770315008,0,3,6,3,51,43,0,0,0,0,582,4196415,140724770315068,4,3,4294967276,5,0,1,0,0,0,0,0,0,0,0,0,0,0,0,0,0,,127,17,4196304,10,-2,16,17,4
128,128,4196418,6,6,140724770315088,140724770315008,0,3,3,3,51,43,0,0,0,0,582,4196418,0,0,0,0,0,0,0,0,0,0,0,0,0,0,0,0,0,0,0,0,0,,128,24,4196333,10,-2,21,24,3
129,129,4196423,6,6,140724770315088,140724770315008,0,3,3,4,51,43,0,0,0,0,514,4196423,0,0,0,0,0,0,0,0,0,0,0,0,0,0,0,0,0,0,0,0,0,,129,31,4196357,10,-2,29,31,1
130,130,4196429,6,6,140724770315088,140724770315008,0,3,4,4,51,43,0,0,0,0,514,4196429,0,0,0,0,0,0,0,0,0,0,0,0,0,0,0,0,0,0,0,0,0,,130,40,4196388,10,-2,37,40,1
131,131,4196431,4,6,140724770315088,140724770315008,0,3,4,4,51,43,0,0,0,0,514,4196431,0,0,0,0,0,0,0,0,0,0,0,0,0,0,0,0,0,0,0,0,0,,131,42,4196394,10,-2,41,42,1
132,132,4196433,4,4,140724770315088,140724770315008,0,3,4,4,51,43,0,0,0,0,514,4196433,0,0,0,0,0,0,0,0,0,0,0,0,0,0,140724770315036,4,3,4294967244,5,0,1,,132,44,4196398,10,-2,43,44,4
133,133,4196436,4,4,140724770315088,140724770315008,0,3,4,4,51,43,0,0,0,0,514,4196436,0,0,0,0,0,0,0,0,0,0,0,0,0,0,140724770315000,8,4196406,0,6,0,1,,133,47,4196409,10,-2,47,47,4
134,134,4196441,4,4,140724770315088,140724770315008,0,3,4,4,51,43,0,0,0,0,582,4196441,140724770315036,4,4,4294967244,5,0,1,0,0,0,0,0,0,0,0,0,0,0,0,0,0,,134,50,4196418,10,-2,49,50,1
135,135,4196444,4,4,140724770315088,140724770315008,0,3,4,4,51,43,0,0,0,0,582,4196444,0,0,0,0,0,0,0,0,0,0,0,0,0,0,140724770315068,4,3,4294967276,5,0,1,,135,52,4196429,10,-2,51,52,1
136,136,4196447,4,4,140724770315088,140724770315008,0,3,4,4,51,43,0,0,0,0,582,4196447,0,0,0,0,0,0,0,0,0,0,0,0,0,0,0,0,0,0,0,0,0,,136,54,4196433,10,-2,53,54,4
137,137,4196321,4,4,140724770315088,140724770315008,0,3,4,4,51,43,0,0,0,0,582,4196321,140724770315068,4,4,4294967276,5,0,1,0,0,0,0,0,0,0,0,0,0,0,0,0,0,,137,57,4196444,10,-2,57,57,4
138,138,4196324,4,4,140724770315088,140724770315008,0,3,4,4,51,43,0,0,0,0,582,4196324,140724770315068,4,4,4294967276,5,0,1,0,0,0,0,0,0,0,0,0,0,0,0,0,0,,138,63,4196333,10,-2,60,63,3
139,139,4196327,4,4,140724770315088,140724770315008,0,3,4,4,51,43,0,0,0,0,582,4196327,140724770315060,4,6,4294967268,5,0,1,0,0,0,0,0,0,0,0,0,0,0,0,0,0,,139,70,4196357,10,-2,68,70,1
140,140,4196330,4,4,140724770315088,140724770315008,0,6,4,4,51,43,0,0,0,0,582,4196330,140724770315060,4,6,4294967268,5,0,1,0,0,0,0,0,0,0,0,0,0,0,0,0,0,,140,79,4196388,10,-2,76,79,1
141,141,4196333,4,6,140724770315088,140724770315008,0,6,4,4,51,43,0,0,0,0,582,4196333,0,0,0,0,0,0,0,0,0,0,0,0,0,0,0,0,0,0,0,0,0,,141,81,4196394,10,-2,80,81,1
142,142,4196335,4,6,140724770315088,140724770315008,0,6,4,4,51,43,0,0,0,0,659,4196335,0,0,0,0,0,0,0,0,0,0,0,0,0,0,0,0,0,0,0,0,0,,142,83,4196398,10,-2,82,83,4
143,143,4196339,1,6,140724770315088,140724770315008,0,6,4,4,51,43,0,0,0,0,659,4196339,0,0,0,0,0,0,0,0,0,0,0,0,0,0,0,0,0,0,0,0,0,,143,86,4196409,10,-2,86,86,4
144,144,4196341,1,6,140724770315088,140724770315008,0,6,4,4,51,43,0,0,0,0,659,4196341,0,0,0,0,0,0,0,0,0,0,0,0,0,0,0,0,0,0,0,0,0,,144,89,4196418,10,-2,88,89,1
145,145,4196345,1,6,140724770315088,140724770315008,0,6,4,4,51,43,0,0,0,0,659,4196345,0,0,0,0,0,0,0,0,0,0,0,0,0,0,0,0,0,0,0,0,0,,145,91,4196429,10,-2,90,91,1
146,146,4196349,1,6,140724770315088,140724770315008,0,6,4,1,51,43,0,0,0,0,659,4196349,0,0,0,0,0,0,0,0,0,0,0,0,0,0,0,0,0,0,0,0,0,,146,93,4196433,10,-2,92,93,4
147,147,4196353,1,1,140724770315088,140724770315008,0,6,4,1,51,43,0,0,0,0,659,4196353,0,0,0,0,0,0,0,0,0,0,0,0,0,0,140724770315047,1,1,4294967255,5,0,1,,147,96,4196444,10,-2,96,96,4
148,148,4196357,1,1,140724770315088,140724770315008,0,6,4,1,51,43,0,0,0,0,659,4196357,0,0,0,0,0,0,0,0,0,0,0,0,0,0,0,0,0,0,0,0,0,,148,102,4196333,10,-2,99,102,3
149,149,4196359,1,1,140724770315088,140724770315008,0,6,4,1,51,43,0,0,0,0,659,4196359,0,0,0,0,0,0,0,0,0,0,0,0,0,0,140724770315000,8,4196441,0,6,0,1,,149,109,4196357,10,-2,107,109,1
150,150,4196364,1,1,140724770315088,140724770315008,0,6,4,1,51,43,0,0,0,0,582,4196364,140724770315047,1,1,4294967255,5,0,1,0,0,0,0,0,0,0,0,0,0,0,0,0,0,,150,118,4196388,10,-2,115,118,1
151,151,4196368,1,1,140724770315088,140724770315008,0,6,4,1,51,43,0,0,0,0,582,4196368,0,0,0,0,0,0,0,0,0,0,0,0,0,0,0,0,0,0,0,0,0,,151,120,4196394,10,-2,119,120,1
152,152,4196372,1,1,140724770315088,140724770315008,0,6,4,1,51,43,0,0,0,0,514,4196372,0,0,0,0,0,0,0,0,0,0,0,0,0,0,0,0,0,0,0,0,0,,152,122,4196398,10,-2,121,122,4
153,153,4196376,1,1,140724770315088,140724770315008,0,6,4,1,51,43,0,0,0,0,514,4196376,140724770315064,4,6,4294967272,5,0,1,0,0,0,0,0,0,0,0,0,0,0,0,0,0,,153,125,4196409,10,-2,125,125,4
154,154,4196379,1,1,140724770315088,140724770315008,0,6,4,6,51,43,0,0,0,0,514,4196379,140724770315064,4,6,4294967272,5,0,1,0,0,0,0,0,0,0,0,0,0,0,0,0,0,,154,128,4196418,10,-2,127,128,1
155,155,4196382,1,1,140724770315088,140724770315008,0,6,6,6,51,43,0,0,0,0,514,4196382,140724770315068,4,4,4294967276,5,0,1,0,0,0,0,0,0,0,0,0,0,0,0,0,0,,155,130,4196429,10,-2,129,130,1
156,156,4196385,1,1,140724770315088,140724770315008,0,4,6,6,51,43,0,0,0,0,514,4196385,140724770315068,4,4,4294967276,5,0,1,0,0,0,0,0,0,0,0,0,0,0,0,0,0,,156,132,4196433,10,-2,131,132,4
157,157,4196388,1,4,140724770315088,140724770315008,0,4,6,6,51,43,0,0,0,0,514,4196388,0,0,0,0,0,0,0,0,0,0,0,0,0,0,0,0,0,0,0,0,0,,157,135,4196444,10,-2,135,135,4
158,158,4196391,1,4,140724770315088,140724770315008,0,4,6,24,51,43,0,0,0,0,518,4196391,0,0,0,0,0,0,0,0,0,0,0,0,0,0,0,0,0,0,0,0,0,,158,141,4196333,10,-2,138,141,3
159,159,4196394,1,4,140724770315088,140724770315008,0,4,24,24,51,43,0,0,0,0,518,4196394,0,0,0,0,0,0,0,0,0,0,0,0,0,0,0,0,0,0,0,0,0,,159,148,4196357,10,-2,146,148,1
160,160,4196396,24,4,140724770315088,140724770315008,0,4,24,24,51,43,0,0,0,0,518,4196396,0,0,0,0,0,0,0,0,0,0,0,0,0,0,0,0,0,0,0,0,0,,160,157,4196388,10,-2,154,157,1
161,161,4196398,24,24,140724770315088,140724770315008,0,4,24,24,51,43,0,0,0,0,518,4196398,0,0,0,0,0,0,0,0,0,0,0,0,0,0,140724770315040,4,6,4294967248,5,0,1,,161,159,4196394,10,-2,158,159,1
162,162,4196401,24,24,140724770315088,140724770315008,0,4,24,24,51,43,0,0,0,0,518,4196401,0,0,0,0,0,0,0,0,0,0,0,0,0,0,140724770315000,8,4196364,0,6,0,1,,162,161,4196398,10,-2,160,161,4
163,163,4196406,24,24,140724770315088,140724770315008,0,4,24,24,51,43,0,0,0,0,582,4196406,140724770315040,4,24,4294967248,5,0,1,0,0,0,0,0,0,0,0,0,0,0,0,0,0,,163,164,4196409,10,-2,164,164,4
164,164,4196409,24,24,140724770315088,140724770315008,0,4,24,24,51,43,0,0,0,0,582,4196409,0,0,0,0,0,0,0,0,0,0,0,0,0,0,140724770315064,4,6,4294967272,5,0,1,,164,167,4196418,10,-2,166,167,1
165,165,4196412,24,24,140724770315088,140724770315008,0,4,24,24,51,43,0,0,0,0,582,4196412,140724770315068,4,4,4294967276,5,0,1,0,0,0,0,0,0,0,0,0,0,0,0,0,0,,165,169,4196429,10,-2,168,169,1
166,166,4196415,24,24,140724770315088,140724770315008,0,4,24,4,51,43,0,0,0,0,582,4196415,140724770315068,4,4,4294967276,5,0,1,0,0,0,0,0,0,0,0,0,0,0,0,0,0,,166,171,4196433,10,-2,170,171,4
167,167,4196418,24,24,140724770315088,140724770315008,0,4,4,4,51,43,0,0,0,0,582,4196418,0,0,0,0,0,0,0,0,0,0,0,0,0,0,0,0,0,0,0,0,0,,167,174,4196444,10,-2,174,174,4
168,168,4196423,24,24,140724770315088,140724770315008,0,4,4,5,51,43,0,0,0,0,518,4196423,0,0,0,0,0,0,0,0,0,0,0,0,0,0,0,0,0,0,0,0,0,,168,180,4196333,10,-2,177,180,3
169,169,4196429,24,24,140724770315088,140724770315008,0,4,5,5,51,43,0,0,0,0,518,4196429,0,0,0,0,0,0,0,0,0,0,0,0,0,0,0,0,0,0,0,0,0,,169,187,4196357,10,-2,185,187,1
170,170,4196431,5,24,140724770315088,140724770315008,0,4,5,5,51,43,0,0,0,0,518,4196431,0,0,0,0,0,0,0,0,0,0,0,0,0,0,0,0,0,0,0,0,0,,170,196,4196388,10,-2,193,196,1
171,171,4196433,5,5,140724770315088,140724770315008,0,4,5,5,51,43,0,0,0,0,518,4196433,0,0,0,0,0,0,0,0,0,0,0,0,0,0,140724770315036,4,4,4294967244,5,0,1,,171,198,4196394,10,-2,197,198,1
172,172,4196436,5,5,140724770315088,140724770315008,0,4,5,5,51,43,0,0,0,0,518,4196436,0,0,0,0,0,0,0,0,0,0,0,0,0,0,140724770315000,8,4196406,0,6,0,1,,172,200,4196398,10,-2,199,200,4
173,173,4196441,5,5,140724770315088,140724770315008,0,4,5,5,51,43,0,0,0,0,582,4196441,140724770315036,4,5,4294967244,5,0,1,0,0,0,0,0,0,0,0,0,0,0,0,0,0,,173,203,4196409,10,-2,203,203,4
174,174,4196444,5,5,140724770315088,140724770315008,0,4,5,5,51,43,0,0,0,0,582,4196444,0,0,0,0,0,0,0,0,0,0,0,0,0,0,140724770315068,4,4,4294967276,5,0,1,,174,206,4196418,10,-2,205,206,1
175,175,4196447,5,5,140724770315088,140724770315008,0,4,5,5,51,43,0,0,0,0,582,4196447,0,0,0,0,0,0,0,0,0,0,0,0,0,0,0,0,0,0,0,0,0,,175,208,4196429,10,-2,207,208,1
176,176,4196321,5,5,140724770315088,140724770315008,0,4,5,5,51,43,0,0,0,0,582,4196321,140724770315068,4,5,4294967276,5,0,1,0,0,0,0,0,0,0,0,0,0,0,0,0,0,,176,210,4196433,10,-2,209,210,4
177,177,4196324,5,5,140724770315088,140724770315008,0,4,5,5,51,43,0,0,0,0,582,4196324,140724770315068,4,5,4294967276,5,0,1,0,0,0,0,0,0,0,0,0,0,0,0,0,0,,177,213,4196444,10,-2,213,213,4
178,178,4196327,5,5,140724770315088,140724770315008,0,4,5,5,51,43,0,0,0,0,582,4196327,140724770315060,4,6,4294967268,5,0,1,0,0,0,0,0,0,0,0,0,0,0,0,0,0,,178,219,4196333,10,-2,216,219,3
179,179,4196330,5,5,140724770315088,140724770315008,0,6,5,5,51,43,0,0,0,0,582,4196330,140724770315060,4,6,4294967268,5,0,1,0,0,0,0,0,0,0,0,0,0,0,0,0,0,,179,226,4196357,10,-2,224,226,1
180,180,4196333,5,6,140724770315088,140724770315008,0,6,5,5,51,43,0,0,0,0,582,4196333,0,0,0,0,0,0,0,0,0,0,0,0,0,0,0,0,0,0,0,0,0,,180,235,4196388,10,-2,232,235,1
181,181,4196335,5,6,140724770315088,140724770315008,0,6,5,5,51,43,0,0,0,0,663,4196335,0,0,0,0,0,0,0,0,0,0,0,0,0,0,0,0,0,0,0,0,0,,181,237,4196394,10,-2,236,237,1
182,182,4196339,1,6,140724770315088,140724770315008,0,6,5,5,51,43,0,0,0,0,663,4196339,0,0,0,0,0,0,0,0,0,0,0,0,0,0,0,0,0,0,0,0,0,,182,239,4196398,10,-2,238,239,4
183,183,4196341,1,6,140724770315088,140724770315008,0,6,5,5,51,43,0,0,0,0,663,4196341,0,0,0,0,0,0,0,0,0,0,0,0,0,0,0,0,0,0,0,0,0,,183,242,4196409,10,-2,242,242,4
184,184,4196345,1,6,140724770315088,140724770315008,0,6,5,5,51,43,0,0,0,0,663,4196345,0,0,0,0,0,0,0,0,0,0,0,0,0,0,0,0,0,0,0,0,0,,184,245,4196418,10,-2,244,245,1
185,185,4196349,1,6,140724770315088,140724770315008,0,6,5,1,51,43,0,0,0,0,663,4196349,0,0,0,0,0,0,0,0,0,0,0,0,0,0,0,0,0,0,0,0,0,,185,247,4196429,10,-2,246,247,1
186,186,4196353,1,1,140724770315088,140724770315008,0,6,5,1,51,43,0,0,0,0,663,4196353,0,0,0,0,0,0,0,0,0,0,0,0,0,0,140724770315047,1,1,4294967255,5,0,1,,186,249,4196433,10,-2,248,249,4
187,187,4196357,1,1,140724770315088,140724770315008,0,6,5,1,51,43,0,0,0,0,663,4196357,0,0,0,0,0,0,0,0,0,0,0,0,0,0,0,0,0,0,0,0,0,,187,252,4196444,10,-2,252,252,4
188,188,4196359,1,1,140724770315088,140724770315008,0,6,5,1,51,43,0,0,0,0,663,4196359,0,0,0,0,0,0,0,0,0,0,0,0,0,0,140724770315000,8,4196441,0,6,0,1,,188,258,4196333,10,-2,255,258,1
189,189,4196364,1,1,140724770315088,140724770315008,0,6,5,1,51,43,0,0,0,0,582,4196364,140724770315047,1,1,4294967255,5,0,1,0,0,0,0,0,0,0,0,0,0,0,0,0,0,,189,265,4196357,10,-2,263,265,1
190,190,4196368,1,1,140724770315088,140724770315008,0,6,5,1,51,43,0,0,0,0,582,4196368,0,0,0,0,0,0,0,0,0,0,0,0,0,0,0,0,0,0,0,0,0,,190,275,4196467,10,-2,273,275,1
191,191,4196372,1,1,140724770315088,140724770315008,0,6,5,1,51,43,0,0,0,0,514,4196372,0,0,0,0,0,0,0,0,0,0,0,0,0,0,0,0,0,0,0,0,0,,191,276,4196469,10,-2,276,276,4
192,192,4196376,1,1,140724770315088,140724770315008,0,6,5,1,51,43,0,0,0,0,514,4196376,140724770315064,4,24,4294967272,5,0,1,0,0,0,0,0,0,0,0,0,0,0,0,0,0,,192,283,4196496,10,-2,281,283,3
193,193,4196379,1,1,140724770315088,140724770315008,0,6,5,24,51,43,0,0,0,0,514,4196379,140724770315064,4,24,4294967272,5,0,1,0,0,0,0,0,0,0,0,0,0,0,0,0,0,,193,29,4196349,11,-2,28,29,1
194,194,4196382,1,1,140724770315088,140724770315008,0,6,24,24,51,43,0,0,0,0,514,4196382,140724770315068,4,5,4294967276,5,0,1,0,0,0,0,0,0,0,0,0,0,0,0,0,0,,194,34,4196368,11,-2,34,34,4
195,195,4196385,1,1,140724770315088,140724770315008,0,5,24,24,51,43,0,0,0,0,514,4196385,140724770315068,4,5,4294967276,5,0,1,0,0,0,0,0,0,0,0,0,0,0,0,0,0,,195,68,4196349,11,-2,67,68,1
196,196,4196388,1,5,140724770315088,140724770315008,0,5,24,24,51,43,0,0,0,0,514,4196388,0,0,0,0,0,0,0,0,0,0,0,0,0,0,0,0,0,0,0,0,0,,196,73,4196368,11,-2,73,73,4
197,197,4196391,1,5,140724770315088,140724770315008,0,5,24,120,51,43,0,0,0,0,518,4196391,0,0,0,0,0,0,0,0,0,0,0,0,0,0,0,0,0,0,0,0,0,,197,107,4196349,11,-2,106,107,1
198,198,4196394,1,5,140724770315088,140724770315008,0,5,120,120,51,43,0,0,0,0,518,4196394,0,0,0,0,0,0,0,0,0,0,0,0,0,0,0,0,0,0,0,0,0,,198,112,4196368,11,-2,112,112,4
199,199,4196396,120,5,140724770315088,140724770315008,0,5,120,120,51,43,0,0,0,0,518,4196396,0,0,0,0,0,0,0,0,0,0,0,0,0,0,0,0,0,0,0,0,0,,199,146,4196349,11,-2,145,146,1
200,200,4196398,120,120,140724770315088,140724770315008,0,5,120,120,51,43,0,0,0,0,518,4196398,0,0,0,0,0,0,0,0,0,0,0,0,0,0,140724770315040,4,24,4294967248,5,0,1,,200,151,4196368,11,-2,151,151,4
201,201,4196401,120,120,140724770315088,140724770315008,0,5,120,120,51,43,0,0,0,0,518,4196401,0,0,0,0,0,0,0,0,0,0,0,0,0,0,140724770315000,8,4196364,0,6,0,1,,201,185,4196349,11,-2,184,185,1
202,202,4196406,120,120,140724770315088,140724770315008,0,5,120,120,51,43,0,0,0,0,582,4196406,140724770315040,4,120,4294967248,5,0,1,0,0,0,0,0,0,0,0,0,0,0,0,0,0,,202,190,4196368,11,-2,190,190,4
203,203,4196409,120,120,140724770315088,140724770315008,0,5,120,120,51,43,0,0,0,0,582,4196409,0,0,0,0,0,0,0,0,0,0,0,0,0,0,140724770315064,4,24,4294967272,5,0,1,,203,224,4196349,11,-2,223,224,1
204,204,4196412,120,120,140724770315088,140724770315008,0,5,120,120,51,43,0,0,0,0,582,4196412,140724770315068,4,5,4294967276,5,0,1,0,0,0,0,0,0,0,0,0,0,0,0,0,0,,204,229,4196368,11,-2,229,229,4
205,205,4196415,120,120,140724770315088,140724770315008,0,5,120,5,51,43,0,0,0,0,582,4196415,140724770315068,4,5,4294967276,5,0,1,0,0,0,0,0,0,0,0,0,0,0,0,0,0,,205,263,4196349,11,-2,262,263,1
206,206,4196418,120,120,140724770315088,140724770315008,0,5,5,5,51,43,0,0,0,0,582,4196418,0,0,0,0,0,0,0,0,0,0,0,0,0,0,0,0,0,0,0,0,0,,206,268,4196368,11,-2,268,268,4
207,207,4196423,120,120,140724770315088,140724770315008,0,5,5,6,51,43,0,0,0,0,518,4196423,0,0,0,0,0,0,0,0,0,0,0,0,0,0,0,0,0,0,0,0,0,,207,25,4196335,25,-2,25,25,2
208,208,4196429,120,120,140724770315088,140724770315008,0,5,6,6,51,43,0,0,0,0,518,4196429,0,0,0,0,0,0,0,0,0,0,0,0,0,0,0,0,0,0,0,0,0,,208,27,4196341,25,-2,27,27,2
209,209,4196431,6,120,140724770315088,140724770315008,0,5,6,6,51,43,0,0,0,0,518,4196431,0,0,0,0,0,0,0,0,0,0,0,0,0,0,0,0,0,0,0,0,0,,209,35,4196372,25,-2,35,35,2
210,210,4196433,6,6,140724770315088,140724770315008,0,5,6,6,51,43,0,0,0,0,518,4196433,0,0,0,0,0,0,0,0,0,0,0,0,0,0,140724770315036,4,5,4294967244,5,0,1,,210,64,4196335,25,-2,64,64,2
211,211,4196436,6,6,140724770315088,140724770315008,0,5,6,6,51,43,0,0,0,0,518,4196436,0,0,0,0,0,0,0,0,0,0,0,0,0,0,140724770315000,8,4196406,0,6,0,1,,211,66,4196341,25,-2,66,66,2
212,212,4196441,6,6,140724770315088,140724770315008,0,5,6,6,51,43,0,0,0,0,582,4196441,140724770315036,4,6,4294967244,5,0,1,0,0,0,0,0,0,0,0,0,0,0,0,0,0,,212,74,4196372,25,-2,74,74,2
213,213,4196444,6,6,140724770315088,140724770315008,0,5,6,6,51,43,0,0,0,0,582,4196444,0,0,0,0,0,0,0,0,0,0,0,0,0,0,140724770315068,4,5,4294967276,5,0,1,,213,103,4196335,25,-2,103,103,2
214,214,4196447,6,6,140724770315088,140724770315008,0,5,6,6,51,43,0,0,0,0,582,4196447,0,0,0,0,0,0,0,0,0,0,0,0,0,0,0,0,0,0,0,0,0,,214,105,4196341,25,-2,105,105,2
215,215,4196321,6,6,140724770315088,140724770315008,0,5,6,6,51,43,0,0,0,0,582,4196321,140724770315068,4,6,4294967276,5,0,1,0,0,0,0,0,0,0,0,0,0,0,0,0,0,,215,113,4196372,25,-2,113,113,2
216,216,4196324,6,6,140724770315088,140724770315008,0,5,6,6,51,43,0,0,0,0,582,4196324,140724770315068,4,6,4294967276,5,0,1,0,0,0,0,0,0,0,0,0,0,0,0,0,0,,216,142,4196335,25,-2,142,142,2
217,217,4196327,6,6,140724770315088,140724770315008,0,5,6,6,51,43,0,0,0,0,582,4196327,140724770315060,4,6,4294967268,5,0,1,0,0,0,0,0,0,0,0,0,0,0,0,0,0,,217,144,4196341,25,-2,144,144,2
218,218,4196330,6,6,140724770315088,140724770315008,0,6,6,6,51,43,0,0,0,0,582,4196330,140724770315060,4,6,4294967268,5,0,1,0,0,0,0,0,0,0,0,0,0,0,0,0,0,,218,152,4196372,25,-2,152,152,2
219,219,4196333,6,6,140724770315088,140724770315008,0,6,6,6,51,43,0,0,0,0,582,4196333,0,0,0,0,0,0,0,0,0,0,0,0,0,0,0,0,0,0,0,0,0,,219,181,4196335,25,-2,181,181,2
220,220,4196335,6,6,140724770315088,140724770315008,0,6,6,6,51,43,0,0,0,0,582,4196335,0,0,0,0,0,0,0,0,0,0,0,0,0,0,0,0,0,0,0,0,0,,220,183,4196341,25,-2,183,183,2
221,221,4196339,1,6,140724770315088,140724770315008,0,6,6,6,51,43,0,0,0,0,582,4196339,0,0,0,0,0,0,0,0,0,0,0,0,0,0,0,0,0,0,0,0,0,,221,191,4196372,25,-2,191,191,2
222,222,4196341,1,6,140724770315088,140724770315008,0,6,6,6,51,43,0,0,0,0,582,4196341,0,0,0,0,0,0,0,0,0,0,0,0,0,0,0,0,0,0,0,0,0,,222,220,4196335,25,-2,220,220,2
223,223,4196345,1,6,140724770315088,140724770315008,0,6,6,6,51,43,0,0,0,0,582,4196345,0,0,0,0,0,0,0,0,0,0,0,0,0,0,0,0,0,0,0,0,0,,223,222,4196341,25,-2,222,222,2
224,224,4196349,1,6,140724770315088,140724770315008,0,6,6,1,51,43,0,0,0,0,582,4196349,0,0,0,0,0,0,0,0,0,0,0,0,0,0,0,0,0,0,0,0,0,,224,230,4196372,25,-2,230,230,2
225,225,4196353,1,1,140724770315088,140724770315008,0,6,6,1,51,43,0,0,0,0,582,4196353,0,0,0,0,0,0,0,0,0,0,0,0,0,0,140724770315047,1,1,4294967255,5,0,1,,225,259,4196335,25,-2,259,259,2
226,226,4196357,1,1,140724770315088,140724770315008,0,6,6,1,51,43,0,0,0,0,582,4196357,0,0,0,0,0,0,0,0,0,0,0,0,0,0,0,0,0,0,0,0,0,,226,261,4196341,25,-2,261,261,2
227,227,4196359,1,1,140724770315088,140724770315008,0,6,6,1,51,43,0,0,0,0,582,4196359,0,0,0,0,0,0,0,0,0,0,0,0,0,0,140724770315000,8,4196441,0,6,0,1,,227,269,4196372,25,-2,269,269,2
